0,1,2,3,4
Ordinance  Number,Adoption  Date,Section,Section  this Code,
,4-3-1991,,16-400,
,,,16-401,
,,,16-402,
,,,16-403,
,,,16-404,
,,,16-405,
,,,16-406,
,,,16-407,
,,,16-408,
,,,16-409,
,,,16-410,
,,,16-411,
,,,16-412,
,,,16-413,
,,,16-414,
,,,16-415,
,,,16-416,
,,,16-417,
,,,16-418,
,,,16-419,
,,,16-420,
,,,16-421,
,,,16-422,
,,,16-423,
,,,16-424,
,4-17-1991,,12-101,
,,,12-104,
,,,12-105,
,,,12-107,
,,,12-108,
,7-7-1992,,7-210,
,9-15-1993,,10-109,
,5-4-1994,,10-111,
94-4(12),8-3-1994,,4-210,
,,,4-211,
,,,4-212,
,,,4-213,
,,,4-214,
,,,4-215,
,,,4-216,
,,,4-217,
,,,4-218,
,,,4-219,
,,,4-220,
94-11(9),8-3-1994,,8-602,
94-8(10),8-3-1994,,15-800,
,,,15-805,
94-4(2),8-17-1994,,4-225,
,,,4-226,
94-8(2),11-2-1994,,15-600,
,,,15-601,
,,,15-603,
94-8(4),11-2-1994,,15-106,
94-10.1(1),12-7-1994,,2-502,
94-3(1),12-7-1994,,12-207,
,,,12-208,
94-4(3),12-7-1994,,4-225,
,,,4-226,
95-4(1),1-4-1995,,4-225,
,,,4-226,
95-6(1),1-11-1995,,2-100,
,,,2-101,
,,,2-102,
,,,2-103,
,,,2-104,
,,,2-105,
,,,2-106,
95-20(1),3-15-1995,,"Ch. 18, 10.2.2",
95-3(1),4-5-1995,,12-208,
95-9(1),5-3-1995,,6-310,
95-2(1),6-14-1995,,2-202,
95-4(2),9-6-1995,,4-225,
,,,4-226,
95-8(2),10-4-1995,,15-101,
,,,15-103,
,,,15-104,
,,,15-108,
95-20(3),10-11-1995,,"Ch. 18, 10.2.2",
,,,"Ch. 18, 5.1.47",
95-20(4),10-11-1995,,"Ch. 18, 5.1.47",
95-20(5),11-15-1995,,"Ch. 18, 10.2.1",
,,,"Ch. 18, 10.2.2",
96-3(1),8-7-1996,,12-207,
,,,12-208,
96-11(1),11-13-1996,,8-100,
,,,8-101,
,,,8-102,
,,,8-103,
,,,8-208,
,,,8-300,
,,,8-301,
,,,8-302,
,,,8-303,
,,,8-304,
,,,8-400,
,,,8-401,
,,,8-402,
,,,8-403,
,,,8-404,
,,,8-500,
,,,8-501,
,,,8-600,
,,,8-601,
,,,8-602,
,,,8-603,
,,,8-700,
,,,8-701,
,,,8-702,
,,,8-703,
,,,8-704,
,,,8-705,
,,,8-706,
,,,8-707,
,,,8-708,
,,,8-709,
,,,8-710,
,,,8-711,
,,,8-712,
,,,8-713,
,,,8-714,
,,,8-715,
,,,8-800,
96-8(2),12-11-1996,,15-709,
,,,15-711,
97-9(1),1-8-1997,,6-310,
,,,6-311,
97-1(1),2-12-1997,,1-303,
97-11(1),5-7-1997,,8-403,
,,,8-404,
,,,8-711,
97-12(1),5-21-1997,,9-100,
,,,9-106,
,,,9-108,
,,,9-111,
97-12(2),7-9-1997,,9-104,
,,,9-108,
98-20(1),4-1-1998,,"Ch. 18, 5.1.22",
98-8(2),6-10-1998,,15-900,
,,,15-902,
,,,15-903,
,,,15-904,
,,,15-905,
,,,15-906,
98-2(1),6-17-1998,,2-202,
98-A(1),8-5-1998,,1-100,
,,,1-101,
,,,1-102,
,,,1-103,
,,,1-104,
,,,1-200,
,,,1-202,
,,,1-203,
,,,1-300,
,,,1-301,
,,,1-302,
,,,1-303,
,,,1-304,
,,,1-305,
,,,1-306,
,,,1-400,
,,,2-100,
,,,2-101,
,,,2-102,
,,,2-103,
,,,2-104,
,,,2-105,
,,,2-106,
,,,2-107,
,,,2-200,
,,,2-201,
,,,2-202,
,,,2-300,
,,,2-400,
,,,2-401,
,,,2-402,
,,,2-500,
,,,2-501,
,,,2-502,
,,,2-503,
,,,2-600,
,,,2-601,
,,,2-602,
,,,2-603,
,,,2-700,
,,,2-701,
,,,2-702,
,,,2-800,
,,,2-801,
,,,2-802,
,,,2-803,
,,,2-804,
,,,2-805,
,,,2-900,
,,,2-901,
,,,2-903,
,,,2-904,
,,,2-904,
,,,2-904,
,,,2-905,
,,,2-906,
,,,2-907,
,,,2-908,
,,,3-100,
,,,3-101,
,,,3-103,
,,,3-104,
,,,3-200,
,,,3-201,
,,,3-202,
,,,3-203,
,,,3-204,
,,,3-205,
,,,3-206,
,,,3-207,
,,,3-208,
,,,3-209,
,,,3-211,
,,,3-212,
,,,3-213,
,,,3-215,
,,,3-218,
,,,3-219,
,,,3-220,
,,,3-221,
,,,3-222,
,,,3-223,
,,,3-224,
,,,3-225,
,,,3-226,
,,,3-227,
,,,3-228,
,,,3-229,
,,,3-231,
,,,3-232,
,,,3-233,
,,,3-300,
,,,3-301,
,,,3-302,
,,,3-303,
,,,3-304,
,,,3-305,
,,,3-306,
,,,4-103,
,,,4-200,
,,,4-201,
,,,4-202,
,,,4-203,
,,,4-204,
,,,4-206,
,,,4-207,
,,,4-208,
,,,4-209,
,,,4-210,
,,,4-211,
,,,4-212,
,,,4-213,
,,,4-214,
,,,4-215,
,,,4-216,
,,,4-217,
,,,4-218,
,,,4-219,
,,,4-220,
,,,4-225,
,,,4-226,
,,,4-227,
,,,4-228,
,,,4-230,
,,,4-231,
,,,4-232,
,,,4-233,
,,,4-234,
,,,4-236,
,,,4-301,
,,,4-302,
,,,4-304,
,,,4-305,
,,,4-306,
,,,4-307,
,,,4-308,
,,,4-309,
,,,4-311,
,,,4-312,
,,,4-314,
,,,4-315,
,,,4-316,
,,,4-317,
,,,4-318,
,,,5-100,
,,,5-102,
,,,5-103,
,,,5-104,
,,,5-105,
,,,5-106,
,,,5-200,
,,,5-201,
,,,5-202,
,,,5-203,
,,,5-204,
,,,5-206,
,,,5-207,
,,,5-208,
,,,5-209,
,,,5-300,
,,,5-301,
,,,5-304,
,,,5-400,
,,,5-401,
,,,5-402,
,,,5-403,
,,,6-111,
,,,6-200,
,,,6-201,
,,,6-202,
,,,6-203,
,,,6-204,
,,,6-205,
,,,6-300,
,,,6-301,
,,,6-302,
,,,6-303,
,,,6-304,
,,,6-305,
,,,6-306,
,,,6-307,
,,,6-308,
,,,6-309,
,,,6-310,
,,,6-311,
,,,6-400,
,,,6-401,
,,,6-402,
,,,6-403,
,,,6-404,
,,,6-405,
,,,6-406,
,,,6-407,
,,,6-408,
,,,7-100,
,,,7-101,
,,,7-102,
,,,7-103,
,,,7-104,
,,,7-105,
,,,7-106,
,,,7-108,
,,,7-200,
,,,7-201,
,,,7-202,
,,,7-203,
,,,7-204,
,,,7-205,
,,,7-206,
,,,7-207,
,,,7-208,
,,,7-209,
,,,7-210,
,,,7-300,
,,,7-301,
,,,7-302,
,,,7-303,
,,,7-304,
,,,7-305,
,,,7-306,
,,,7-307,
,,,7-308,
,,,7-400,
,,,7-401,
,,,7-402,
,,,7-403,
,,,7-404,
,,,7-405,
,,,8-100,
,,,8-101,
,,,8-102,
,,,8-103,
,,,8-208,
,,,8-300,
,,,8-301,
,,,8-302,
,,,8-303,
,,,8-304,
,,,8-400,
,,,8-401,
,,,8-402,
,,,8-403,
,,,8-404,
,,,8-500,
,,,8-501,
,,,8-600,
,,,8-601,
,,,8-602,
,,,8-603,
,,,8-700,
,,,8-701,
,,,8-702,
,,,8-703,
,,,8-704,
,,,8-705,
,,,8-706,
,,,8-707,
,,,8-708,
,,,8-709,
,,,8-710,
,,,8-711,
,,,8-712,
,,,8-713,
,,,8-714,
,,,8-715,
,,,8-800,
,,,9-100,
,,,9-101,
,,,9-102,
,,,9-103,
,,,9-104,
,,,9-105,
,,,9-106,
,,,9-107,
,,,9-108,
,,,9-109,
,,,9-110,
,,,9-111,
,,,9-112,
,,,9-113,
,,,9-114,
,,,9-115,
,,,9-116,
,,,9-117,
,,,9-200,
,,,9-201,
,,,9-202,
,,,9-203,
,,,9-204,
,,,9-300,
,,,9-301,
,,,9-302,
,,,9-303,
,,,9-400,
,,,9-401,
,,,9-402,
,,,10-100,
,,,10-101,
,,,10-102,
,,,10-103,
,,,10-105,
,,,10-104,
,,,10-105,
,,,10-106,
,,,10-107,
,,,10-108,
,,,10-109,
,,,10-110,
,,,10-111,
,,,10-112,
,,,10-113,
,,,10-114,
,,,10-115,
,,,10-116,
,,,10-117,
,,,10-119,
,,,10-120,
,,,10-121,
,,,10-122,
,,,11-100,
,,,11-101,
,,,11-102,
,,,11-103,
,,,11-104,
,,,11-105,
,,,11-106,
,,,11-107,
,,,11-108,
,,,11-109,
,,,11-110,
,,,11-111,
,,,11-112,
,,,11-113,
,,,11-114,
,,,11-115,
,,,11-116,
,,,11-117,
,,,11-118,
,,,11-119,
,,,11-120,
,,,11-200,
,,,11-201,
,,,11-202,
,,,11-203,
,,,11-300,
,,,11-301,
,,,11-302,
,,,11-304,
,,,11-305,
,,,11-306,
,,,12-101,
,,,12-104,
,,,12-105,
,,,12-107,
,,,12-108,
,,,12-200,
,,,12-201,
,,,12-202,
,,,12-203,
,,,12-204,
,,,12-205,
,,,12-206,
,,,12-207,
,,,12-208,
,,,12-209,
,,,12-300,
,,,12-302,
,,,12-303,
,,,12-304,
,,,12-305,
,,,12-306,
,,,12-307,
,,,12-308,
,,,12-309,
,,,12-310,
,,,12-311,
,,,12-312,
,,,12-400,
,,,12-402,
,,,12-403,
,,,12-404,
,,,12-405,
,,,12-406,
,,,12-500,
,,,12-502,
,,,12-503,
,,,12-504,
,,,12-505,
,,,12-506,
,,,13-100,
,,,13-101,
,,,13-102,
,,,13-103,
,,,13-104,
,,,13-105,
,,,13-200,
,,,13-201,
,,,13-202,
,,,13-300,
,,,13-301,
,,,13-302,
,,,13-304,
,,,14-100,
,,,14-101,
,,,14-102,
,,,14-103,
,,,14-104,
,,,14-105,
,,,14-106,
,,,14-107,
,,,14-108,
,,,14-200,
,,,14-201,
,,,14-202,
,,,14-202.1,
,,,14-203,
,,,14-203.1,
,,,14-204,
,,,14-205,
,,,14-206,
,,,14-207,
,,,14-208,
,,,14-208.1,
,,,14-209,
,,,14-211,
,,,14-212,
,,,14-212.1,
,,,14-212.2,
,,,14-213,
,,,14-215,
,,,14-218,
,,,14-219,
,,,14-222,
,,,14-223,
,,,14-224,
,,,14-225.1,
,,,14-226,
,,,14-227,
,,,14-230,
,,,14-231,
,,,14-231.1,
,,,14-232,
,,,14-234,
,,,14-235,
,,,14-300,
,,,14-302,
,,,14-303,
,,,14-305,
,,,14-308,
,,,14-309,
,,,14-310,
,,,14-311,
,,,14-314,
,,,14-317,
,,,14-400,
,,,14-401,
,,,14-402,
,,,14-403,
,,,14-404,
,,,14-405,
,,,14-406,
,,,14-407,
,,,14-408,
,,,14-409,
,,,14-410,
,,,14-411,
,,,14-412,
,,,14-413,
,,,14-414,
,,,14-415,
,,,14-416,
,,,14-417,
,,,14-418,
,,,14-419,
,,,14-420,
,,,14-421,
,,,14-423,
,,,14-424,
,,,14-427,
,,,14-428,
,,,14-430,
,,,14-431,
,,,14-432,
,,,14-433,
,,,14-434,
,,,14-435,
,,,14-435.1,
,,,14-436,
,,,14-437,
,,,14-438,
,,,14-439,
,,,14-440,
,,,15-1000,
,,,15-1001,
,,,15-1002,
,,,15-1003,
,,,15-1004,
,,,15-1005,
,,,15-1007,
,,,15-1008,
,,,15-101,
,,,15-103,
,,,15-104,
,,,15-105,
,,,15-106,
,,,15-107,
,,,15-108,
,,,15-1100,
,,,15-1101,
,,,15-200,
,,,15-201,
,,,15-205,
,,,15-300,
,,,15-400,
,,,15-401,
,,,15-500,
,,,15-502,
,,,15-600,
,,,15-601,
,,,15-602,
,,,15-603,
,,,15-604,
,,,15-606,
,,,15-607,
,,,15-700,
,,,15-701,
,,,15-702,
,,,15-705,
,,,15-706,
,,,15-707,
,,,15-708,
,,,15-709,
,,,15-710,
,,,15-711,
,,,15-712,
,,,15-713,
,,,15-714,
,,,15-715,
,,,15-716,
,,,15-717,
,,,15-718,
,,,15-800,
,,,15-802,
,,,15-805,
,,,15-900,
,,,15-901,
,,,15-902,
,,,15-903,
,,,15-904,
,,,15-905,
,,,15-906,
,,,16-100,
,,,16-101,
,,,16-102,
,,,16-103,
,,,16-104,
,,,16-105,
,,,16-106,
,,,16-107,
,,,16-108,
,,,16-200,
,,,16-201,
,,,16-202,
,,,16-203,
,,,16-204,
,,,16-300,
,,,16-301,
,,,16-302,
,,,16-303,
,,,16-304,
,,,16-305,
,,,16-306,
,,,16-307,
,,,16-400,
,,,16-401,
,,,16-402,
,,,16-403,
,,,16-404,
,,,16-405,
,,,16-406,
,,,16-407,
,,,16-408,
,,,16-409,
,,,16-410,
,,,16-411,
,,,16-412,
,,,16-413,
,,,16-414,
,,,16-415,
,,,16-416,
,,,16-417,
,,,16-418,
,,,16-419,
,,,16-420,
,,,16-421,
,,,16-422,
,,,16-423,
,,,16-424,
,,,17-100,
,,,17-101,
,,,17-102,
,,,17-108,
,,,17-200,
,,,17-202,
,,,17-204,
,,,17-205,
,,,17-207,
,,,17-211,
,,,17-302,
,,,17-304,
,,,17-305,
,,,17-306,
,,,17-400,
,,,17-402,
,,,17-403,
,,,17-408,
,,,17-410,
,,,17-413,
,,,17-414,
,,,17-415,
,,,17-416,
,,,17-417,
,,,17-418,
,,,17-419,
,,,17-423,
,,,17-424,
,,,17-500,
,,,17-501,
,,,17-600,
,,,17-601,
,,,17-602,
,,,17-603,
,,,17-604,
,,,17-800,
,,,17-801,
,,,17-804,
,,,17-805,
,,,17-808,
,,,17-810,
,,,17-811,
,,,17-900,
,,,17-901,
,,,17-902,
,,,17-903,
,,,17-904,
,,,"Ch. 18, 10.2.1",
,,,"Ch. 18, 10.2.2",
,,,"Ch. 18, 10.3",
,,,"Ch. 18, 10.3.1",
,,,"Ch. 18, 10.3.3.2",
,,,"Ch. 18, 10.3.3.3",
,,,"Ch. 18, 10.4",
,,,"Ch. 18, 10.5.1",
,,,"Ch. 18, 10.5.2",
,,,"Ch. 18, 12.1",
,,,"Ch. 18, 12.2.1",
,,,"Ch. 18, 12.2.2",
,,,"Ch. 18, 12.3",
,,,"Ch. 18, 12.4.1",
,,,"Ch. 18, 12.4.2",
,,,"Ch. 18, 12.4.3",
,,,"Ch. 18, 12.4.4",
,,,"Ch. 18, 12.5",
,,,"Ch. 18, 24.1",
,,,"Ch. 18, 24.2.2",
,,,"Ch. 18, 24.3",
,,,"Ch. 18, 25.2.2",
,,,"Ch. 18, 25.3",
,,,"Ch. 18, 25A.2.2",
,,,"Ch. 18, 27.2",
,,,"Ch. 18, 27.2",
,,,"Ch. 18, 28.2",
,,,"Ch. 18, 29.3",
,,,"Ch. 18, 3.1",
,,,"Ch. 18, 4.1",
,,,"Ch. 18, 4.2",
,,,"Ch. 18, 4.2.1",
,,,"Ch. 18, 4.2.2",
,,,"Ch. 18, 4.2.3",
,,,"Ch. 18, 4.2.4",
,,,"Ch. 18, 4.2.5",
,,,"Ch. 18, 4.2.6",
,,,"Ch. 18, 4.3.1",
,,,"Ch. 18, 4.4",
,,,"Ch. 18, 4.6.1",
,,,"Ch. 18, 4.6.2",
,,,"Ch. 18, 4.6.4",
,,,"Ch. 18, 4.6.5",
,,,"Ch. 18, 4.6.6",
,,,"Ch. 18, 4.6.7",
,,,"Ch. 18, 4.7",
,,,"Ch. 18, 4.8.2",
,,,"Ch. 18, 5.3.1",
,,,"Ch. 18, 5.3.2",
,,,"Ch. 18, 5.3.3",
,,,"Ch. 18, 5.3.4",
,,,"Ch. 18, 5.3.5",
,,,"Ch. 18, 5.3.6",
,,,"Ch. 18, 5.3.7",
,,,"Ch. 18, 5.3.8",
,,,"Ch. 18, 5.5.1",
,,,"Ch. 18, 5.5.2",
,,,"Ch. 18, 5.5.3",
,,,"Ch. 18, 5.5.4",
,,,"Ch. 18, 5.5.5",
,,,"Ch. 18, 5.5.6",
,,,"Ch. 18, 5.6",
,,,"Ch. 18, 5.7",
,,,"Ch. 18, 5.7.1",
,,,"Ch. 18, 5.8",
,,,"Ch. 18, 6.4",
,,,"Ch. 18, 9.4",
,,,"Ch. 18, 5.2",
98-9(1),8-5-1998,,9-401,
98-18(1),8-12-1998,,"Ch. 18, 3.1",
,,,"Ch. 18, 32.6.2",
,,,"Ch. 18, 4.17",
,,,"Ch. 18, 4.17.1",
,,,"Ch. 18, 4.17.2",
,,,"Ch. 18, 4.17.4",
,,,"Ch. 18, 4.17.5",
,,,"Ch. 18, 4.17.6",
98-3(1),9-9-1998,,3-211,
,,,3-215,
,,,3-225,
,,,3-228,
98-18(2),9-16-1998,,"Ch. 18, 30.3.11",
98-17(1),11-11-1998,,17-207,
98-4(1),12-2-1998,,4-225,
,,,4-226,
99-3(1),1-13-1999,,3-233,
,,,3-209,
99-3(2),2-10-1999,,3-211,
,,,3-225,
99-3(3),3-17-1999,,3-228,
99-18(1),4-14-1999,,"Ch. 18, 29.3",
99-2(1),5-5-1999,,2-202,
99-3(4),5-12-1999,,3-211,
,,,3-226,
,,,3-233,
99-14(1),6-16-1999,,14-203,
99-18(4),6-16-1999,,"Ch. 18, 10.2.2",
,,,"Ch. 18, 24.2.2",
99-3(5),10-6-1999,,3-209,
,,,3-212,
,,,3-225,
,,,3-230,
,,,3-231,
,,,3-307,
99-15(1),11-3-1999,,15-802,
00-18(4),4-12-2000,,"Ch. 18, 30.6.2",
00-3(1),4-19-2000,,3-207,
,,,3-212,
,,,3-222,
,,,3-226,
00-4(1),5-3-2000,,4-225,
,,,4-226,
00-2(1),6-7-2000,,2-202,
00-15(1),6-7-2000,,15-1000,
00-18(3),6-14-2000,,"Ch. 18, 3.1",
,,,"Ch. 18, 4.14.1",
,,,"Ch. 18, 4.18",
,,,"Ch. 18, 4.18.01",
,,,"Ch. 18, 4.18.03",
,,,"Ch. 18, 4.18.04",
,,,"Ch. 18, 4.18.05",
,,,"Ch. 18, 4.18.06",
,,,"Ch. 18, 5.1.11",
,,,"Ch. 18, 4.18.07",
00-18(4),6-14-2000,,"Ch. 18, 10.3.1",
,,,"Ch. 18, 6.1",
,,,"Ch. 18, 6.2",
,,,"Ch. 18, 6.3",
,,,"Ch. 18, 6.4",
00-18(5),6-14-2000,,"Ch. 18, 36.3",
,,,"Ch. 18, 36.4",
,,,"Ch. 18, 36.5",
00-A.1(1),7-5-2000,,A.1-100,
,,,A.1-101,
,,,A.1-102,
,,,A.1-103,
,,,A.1-104,
,,,A.1-105,
,,,A.1-106,
,,,A.1-107,
,,,A.1-108,
,,,A.1-109,
,,,A.1-110,
,,,A.1-111,
,,,A.1-112,
,,,A.1-113,
00-3(2),7-12-2000,,3-218,
00-2(2),8-2-2000,,2-401,
,,,2-904,
00-16(1),8-2-2000,,16-500,
00-3(3),9-13-2000,,3-207,
,,,3-224,
00-15(2),9-20-2000,,15-709,
,,,15-710,
00-15(3),10-4-2000,,15-600,
,,,15-601,
00-8(1),10-11-2000,,8-712,
00-15(4),10-11-2000,,15-1200,
,,,15-1201,
,,,15-1202,
,,,15-1203,
00-18(6),10-18-2000,,"Ch. 18, 10.2.2",
01-18(2),3-21-2001,,"Ch. 18, 10.2.2",
01-14(1),5-9-2001,,14-206,
,,,14-213,
01-18(3),5-9-2001,,"Ch. 18, 21.5",
,,,"Ch. 18, 3.1",
,,,"Ch. 18, 30.6.2",
,,,"Ch. 18, 30.6.3",
,,,"Ch. 18, 30.6.4",
,,,"Ch. 18, 4.15.1",
,,,"Ch. 18, 4.15.10",
,,,"Ch. 18, 4.15.11",
,,,"Ch. 18, 4.15.12",
,,,"Ch. 18, 4.15.13",
,,,"Ch. 18, 4.15.14",
,,,"Ch. 18, 4.15.15",
,,,"Ch. 18, 4.15.16",
,,,"Ch. 18, 4.15.18",
,,,"Ch. 18, 4.15.19",
,,,"Ch. 18, 4.15.20",
,,,"Ch. 18, 4.15.4",
,,,"Ch. 18, 4.15.5",
,,,"Ch. 18, 4.15.6",
,,,"Ch. 18, 4.15.8",
,,,"Ch. 18, 4.15.9",
,,,"Ch. 18, 5.2",
01-18(4),5-9-2001,,"Ch. 18, 32.3.5",
,,,"Ch. 18, 32.3.6",
,,,"Ch. 18, 4.10.3.1",
,,,"Ch. 18, 4.12.13",
,,,"Ch. 18, 4.17.5",
,,,"Ch. 18, 4.18.07",
,,,"Ch. 18, 4.2.5",
,,,"Ch. 18, 5.1",
01-2(1),5-9-2001,,2-100,
,,,2-101,
,,,2-102,
,,,2-103,
,,,2-104,
,,,2-105,
,,,2-106,
,,,2-107,
01-18(5),5-16-2001,,"Ch. 18, 4.10.3.1",
01-2(2),6-6-2001,,2-202,
01-6(1),6-6-2001,,6-300,
,,,6-301,
,,,6-303,
,,,6-304,
,,,6-305,
,,,6-306,
,,,6-307,
,,,6-308,
01-3(1),6-20-2001,,3-219,
,,,3-220,
,,,3-232,
01-3(2),7-11-2001,,3-207,
01-17(1),7-11-2001,,17-400,
,,,17-402,
,,,17-500,
01-3(3),8-8-2001,,3-208,
01-18(6),10-3-2001,,"Ch. 18, 10.3.1",
,,,"Ch. 18, 27.2",
,,,"Ch. 18, 3.1",
,,,"Ch. 18, 30.3.7",
,,,"Ch. 18, 30.5.5",
,,,"Ch. 18, 31.2",
,,,"Ch. 18, 31.3",
,,,"Ch. 18, 31.3",
,,,"Ch. 18, 31.4",
,,,"Ch. 18, 31.5",
,,,"Ch. 18, 32.4.2.4",
,,,"Ch. 18, 32.4.2.6",
,,,"Ch. 18, 32.4.3.5",
,,,"Ch. 18, 32.7.9.4",
,,,"Ch. 18, 33.1",
,,,"Ch. 18, 33.10",
,,,"Ch. 18, 33.11",
,,,"Ch. 18, 33.12",
,,,"Ch. 18, 33.13",
,,,"Ch. 18, 33.14",
,,,"Ch. 18, 33.15",
,,,"Ch. 18, 33.16",
,,,"Ch. 18, 33.17",
,,,"Ch. 18, 33.18",
,,,"Ch. 18, 33.19",
,,,"Ch. 18, 33.2",
,,,"Ch. 18, 33.20",
,,,"Ch. 18, 33.23",
,,,"Ch. 18, 33.24",
,,,"Ch. 18, 33.25",
,,,"Ch. 18, 33.26",
,,,"Ch. 18, 33.27",
,,,"Ch. 18, 33.29",
,,,"Ch. 18, 33.3",
,,,"Ch. 18, 33.30",
,,,"Ch. 18, 33.31",
,,,"Ch. 18, 33.32",
,,,"Ch. 18, 33.33",
,,,"Ch. 18, 33.34",
,,,"Ch. 18, 33.36",
,,,"Ch. 18, 33.37",
,,,"Ch. 18, 33.38",
,,,"Ch. 18, 33.39",
,,,"Ch. 18, 33.4",
,,,"Ch. 18, 33.40",
,,,"Ch. 18, 33.42",
,,,"Ch. 18, 33.44",
,,,"Ch. 18, 33.45",
,,,"Ch. 18, 33.5",
,,,"Ch. 18, 33.52",
,,,"Ch. 18, 33.53",
,,,"Ch. 18, 33.54",
,,,"Ch. 18, 33.6",
,,,"Ch. 18, 33.7",
,,,"Ch. 18, 33.8",
,,,"Ch. 18, 33.9",
,,,"Ch. 18, 36.1",
,,,"Ch. 18, 4.12.15",
,,,"Ch. 18, 4.12.16",
,,,"Ch. 18, 4.12.4",
,,,"Ch. 18, 4.6.2",
,,,"Ch. 18, 4.8.2",
,,,"Ch. 18, 4.9",
,,,"Ch. 18, 5.1.02",
,,,"Ch. 18, 5.1.06",
,,,"Ch. 18, 5.1.07",
,,,"Ch. 18, 5.1.09",
,,,"Ch. 18, 5.1.14",
,,,"Ch. 18, 5.1.22",
,,,"Ch. 18, 5.1.28",
,,,"Ch. 18, 5.1.47",
,,,"Ch. 18, 5.1.56",
,,,"Ch. 18, 5.3.8",
,,,"Ch. 18, 9.4",
,,,"Ch. 18, 23.2.1",
01-18(7),10-17-2001,,"Ch. 18, 4.2.2",
,,,"Ch. 18, 4.2.3",
,,,"Ch. 18, 4.2.6",
01-18(8),10-17-2001,,"Ch. 18, 3.1",
,,,"Ch. 18, 4.17.2",
,,,"Ch. 18, 4.17.4",
,,,"Ch. 18, 4.17.5",
01-18(9),10-17-2001,,"Ch. 18, 3.1",
,,,"Ch. 18, 5.1.40",
01-6(2),12-5-2001,,6-112,
01-13(1),12-5-2001,,13-301,
02-3(1),1-9-2002,,3-231,
02-14(1),2-6-2002,,14-106,
,,,14-236,
,,,14-303,
,,,14-317,
,,,14-400,
,,,14-404,
,,,14-410,
,,,14-412,
02-18(2),2-6-2002,,"Ch. 18, 3.1",
,,,"Ch. 18, 4.11.2",
,,,"Ch. 18, 4.4",
,,,"Ch. 18, 4.6.1",
,,,"Ch. 18, 4.6.3",
,,,"Ch. 18, 4.6.4",
02-18(3),2-13-2002,,"Ch. 18, 36.3",
02-3(2),4-3-2002,,3-231,
02-2(2),5-1-2002,,2-202,
02-2(3),5-1-2002,,2-102,
02-15(1),5-15-2002,,15-703,
02-15(3),5-15-2002,,15-715,
02-1(1),6-5-2002,,1-306,
02-2(4),7-3-2002,,2-103,
02-14(2),7-3-2002,,14-203,
02-17(1),7-3-2002,,17-202,
,,,17-208,
02-18(4),7-3-2002,,"Ch. 18, 35.2",
02-18(5),7-3-2002,,"Ch. 18, 3.1",
,,,"Ch. 18, 5.1.28",
02-3(3),7-10-2002,,3-208,
02-16(E)(1),9-11-2002,,16-500,
02-16(2),10-9-2002,,16-500,
02-18(6),10-9-2002,,"Ch. 18, 10.2.1",
,,,"Ch. 18, 10.2.2",
,,,"Ch. 18, 12.2.1",
,,,"Ch. 18, 13.2.1",
,,,"Ch. 18, 13.4.4",
,,,"Ch. 18, 14.4.5",
,,,"Ch. 18, 15.4.4",
,,,"Ch. 18, 18.2.1",
,,,"Ch. 18, 19.3.1",
,,,"Ch. 18, 20.3.1",
,,,"Ch. 18, 22.2.1",
,,,"Ch. 18, 24.1",
,,,"Ch. 18, 27.2",
,,,"Ch. 18, 28.2",
02-18(7),10-9-2002,,"Ch. 18, 3.1",
02-A.1(1),12-11-2002,,A.1-100,
,,,A.1-101,
,,,A.1-102,
,,,A.1-103,
,,,A.1-104,
,,,A.1-106,
,,,A.1-107,
,,,A.1-108,
,,,A.1-109,
,,,A.1-110,
,,,A.1-111,
,,,A.1-112,
,,,A.1-113,
03-18(2),2-5-2003,,"Ch. 18, 15.2.2",
03-4(1),2-5-2003,,4-210,
,,,4-211,
,,,4-212,
,,,4-213,
,,,4-214,
,,,4-215,
,,,4-216,
,,,4-217,
,,,4-218,
,,,4-219,
,,,4-220,
02-18(1),2-5-2003,,"Ch. 18, 16.2.2",
03-18(1),2-5-2003,,"Ch. 18, 16.7",
,,,"Ch. 18, 17.2.2",
,,,"Ch. 18, 18.2.2",
,,,"Ch. 18, 19.3.2",
,,,"Ch. 18, 20.3.2",
,,,"Ch. 18, 22.2.2",
,,,"Ch. 18, 23.2.2",
,,,"Ch. 18, 24.2.2",
,,,"Ch. 18, 27.2",
,,,"Ch. 18, 28.2",
,,,"Ch. 18, 3.1",
,,,"Ch. 18, 32.5.5",
,,,"Ch. 18, 32.6.3",
,,,"Ch. 18, 32.7.3",
,,,"Ch. 18, 4.12",
,,,"Ch. 18, 4.12.1",
,,,"Ch. 18, 4.12.10",
,,,"Ch. 18, 4.12.11",
,,,"Ch. 18, 4.12.12",
,,,"Ch. 18, 4.12.13",
,,,"Ch. 18, 4.12.14",
,,,"Ch. 18, 4.12.16",
,,,"Ch. 18, 4.12.17",
,,,"Ch. 18, 4.12.18",
,,,"Ch. 18, 4.12.19",
,,,"Ch. 18, 4.12.2",
,,,"Ch. 18, 4.12.3",
,,,"Ch. 18, 4.12.4",
,,,"Ch. 18, 4.12.5",
,,,"Ch. 18, 4.12.6",
,,,"Ch. 18, 4.12.7",
,,,"Ch. 18, 4.12.8",
,,,"Ch. 18, 4.12.9",
,,,"Ch. 18, 5.1.41",
03-4(2),3-5-2003,,4-225,
,,,4-226,
03-18(2),3-19-2003,,"Ch. 18, 20A.1",
,,,"Ch. 18, 20A.10",
,,,"Ch. 18, 20A.2",
,,,"Ch. 18, 20A.5",
,,,"Ch. 18, 20A.6",
,,,"Ch. 18, 20A.7",
,,,"Ch. 18, 20A.8",
,,,"Ch. 18, 20A.9",
,,,"Ch. 18, 3.1",
,,,"Ch. 18, 33.10",
,,,"Ch. 18, 33.11",
,,,"Ch. 18, 33.12",
,,,"Ch. 18, 33.14",
,,,"Ch. 18, 33.15",
,,,"Ch. 18, 33.16",
,,,"Ch. 18, 33.17",
,,,"Ch. 18, 33.18",
,,,"Ch. 18, 33.19",
,,,"Ch. 18, 33.20",
,,,"Ch. 18, 33.23",
,,,"Ch. 18, 33.24",
,,,"Ch. 18, 33.25",
,,,"Ch. 18, 33.26",
,,,"Ch. 18, 33.27",
,,,"Ch. 18, 33.29",
,,,"Ch. 18, 33.3",
,,,"Ch. 18, 33.30",
,,,"Ch. 18, 33.31",
,,,"Ch. 18, 33.32",
,,,"Ch. 18, 33.33",
,,,"Ch. 18, 33.34",
,,,"Ch. 18, 33.36",
,,,"Ch. 18, 33.37",
,,,"Ch. 18, 33.38",
,,,"Ch. 18, 33.39",
,,,"Ch. 18, 33.4",
,,,"Ch. 18, 33.40",
,,,"Ch. 18, 33.42",
,,,"Ch. 18, 33.44",
,,,"Ch. 18, 33.45",
,,,"Ch. 18, 33.5",
,,,"Ch. 18, 33.52",
,,,"Ch. 18, 33.53",
,,,"Ch. 18, 33.54",
,,,"Ch. 18, 33.6",
,,,"Ch. 18, 33.9",
,,,"Ch. 18, 4.15.10",
,,,"Ch. 18, 7.1",
,,,"Ch. 18, 8.1",
,,,"Ch. 18, 8.2",
,,,"Ch. 18, 8.3",
,,,"Ch. 18, 8.4",
,,,"Ch. 18, 8.5.1",
,,,"Ch. 18, 8.5.5.2",
,,,"Ch. 18, 8.5.5.3",
,,,"Ch. 18, 8.5.5.4",
,,,"Ch. 18, 8.5.5.5",
03-2(1),6-4-2003,,2-202,
03-2(2),7-9-2003,,2-101,
,,,2-106,
03-3(1),7-9-2003,,3-221,
03-15(1),11-5-2003,,15-105,
03-15(2),11-5-2003,,15-707,
,,,15-709,
03-2(3),12-3-2003,,2-800,
,,,2-801,
,,,2-802,
,,,2-803,
,,,2-804,
03-4(3),12-3-2003,,4-210,
,,,4-210,
,,,4-211,
,,,4-212,
,,,4-213,
,,,4-214,
,,,4-215,
,,,4-216,
,,,4-217,
,,,4-218,
,,,4-219,
,,,4-220,
04-3(1),3-17-2004,,3-207,
04-3(2),4-14-2004,,3-213,
,,,3-227,
,,,3-229,
04-18(1),5-5-2004,,"Ch. 18, 10.2.2",
,,,"Ch. 18, 10.3.3.3",
,,,"Ch. 18, 10.5.2",
04-4(1),5-12-2004,,4-225,
,,,4-226,
,,,2-202,
04-11(1),7-7-2004,,11-109,
04-12(1),7-7-2004,,12-201,
,,,12-202,
04-2(2),8-4-2004,,2-104,
04-15(1),9-1-2004,,15-1300,
,,,15-1301,
04-A.1(1),10-6-2004,,A.1-108,
,,,A.1-111,
04-18(2),10-13-2004,,"Ch. 18, 10.2.1",
,,,"Ch. 18, 10.2.2",
,,,"Ch. 18, 12.2.1",
,,,"Ch. 18, 12.2.2",
,,,"Ch. 18, 13.2.1",
,,,"Ch. 18, 13.2.2",
,,,"Ch. 18, 13.4.4",
,,,"Ch. 18, 14.2.2",
,,,"Ch. 18, 14.4.5",
,,,"Ch. 18, 15.2.2",
,,,"Ch. 18, 15.4.4",
,,,"Ch. 18, 16.2.2",
,,,"Ch. 18, 16.7",
,,,"Ch. 18, 17.2.2",
,,,"Ch. 18, 18.2.1",
,,,"Ch. 18, 18.2.2",
,,,"Ch. 18, 19.3.1",
,,,"Ch. 18, 19.3.2",
,,,"Ch. 18, 20.3.1",
,,,"Ch. 18, 20.3.2",
,,,"Ch. 18, 20A.6",
,,,"Ch. 18, 22.2.1",
,,,"Ch. 18, 22.2.2",
,,,"Ch. 18, 23.2.1",
,,,"Ch. 18, 23.2.2",
,,,"Ch. 18, 24.1",
,,,"Ch. 18, 24.2.2",
,,,"Ch. 18, 25.2.2",
,,,"Ch. 18, 27.2",
,,,"Ch. 18, 27.2",
,,,"Ch. 18, 28.2",
,,,"Ch. 18, 28.2",
,,,"Ch. 18, 3.1",
,,,"Ch. 18, 30.3.11",
,,,"Ch. 18, 30.3.11",
,,,"Ch. 18, 5.1.40",
04-18(3),10-13-2004,,"Ch. 18, 35.2",
04-3(3),11-3-2004,,3-223,
,,,3-224,
04-3(4),12-1-2004,,3-226,
04-15(2),12-1-2004,,15-709,
,,,15-710,
04-14(1),12-8-2004,,14-203,
,,,14-308.1,
04-17(1),12-8-2004,,17-1000,
,,,17-1001,
,,,17-1002,
,,,17-1003,
,,,17-1004,
,,,17-1005,
04-18(4),12-8-2004,,"Ch. 18, 31.2",
,,,"Ch. 18, 31.3",
,,,"Ch. 18, 32.4.3.2",
,,,"Ch. 18, 32.5.4",
,,,"Ch. 18, 35.2",
04-A.1(2),12-8-2004,,A.1-110,
05-18(1),1-5-2005,,"Ch. 18, 3.1",
,,,"Ch. 18, 30.2.4.1",
,,,"Ch. 18, 30.3.10",
,,,"Ch. 18, 30.3.11",
,,,"Ch. 18, 30.3.2",
,,,"Ch. 18, 30.3.7",
,,,"Ch. 18, 30.3.9",
05-18(2),2-2-2005,,"Ch. 18, 3.1",
05-3(1),3-2-2005,,3-104,
05-18(3),3-16-2005,,"Ch. 18, 36.3",
05-18(4),3-16-2005,,"Ch. 18, 3.1",
,,,"Ch. 18, 4.15.18",
,,,"Ch. 18, 4.15.5",
,,,"Ch. 18, 4.15.6",
,,,"Ch. 18, 4.15.8",
05-14(1),4-20-2005,,14-231,
,,,14-100,
,,,14-101,
,,,14-102,
,,,14-103,
,,,14-104,
,,,14-105,
,,,14-106,
,,,14-107,
,,,14-108,
,,,14-200,
,,,14-201,
,,,14-202,
,,,14-202.1,
,,,14-203,
,,,14-203.1,
,,,14-203.1,
,,,14-204,
,,,14-205,
,,,14-206,
,,,14-207,
,,,14-208,
,,,14-208.1,
,,,14-208.2,
,,,14-209,
,,,14-211,
,,,14-212,
,,,14-212.1,
,,,14-212.2,
,,,14-213,
,,,14-215,
,,,14-218,
,,,14-219,
,,,14-222,
,,,14-223,
,,,14-224,
,,,14-225.1,
,,,14-226,
,,,14-227,
,,,14-230,
,,,14-231.1,
,,,14-231.1,
,,,14-232,
,,,14-233,
,,,14-234,
,,,14-235,
,,,14-236,
,,,14-300,
,,,14-302,
,,,14-303,
,,,14-304,
,,,14-305,
,,,14-306,
,,,14-307,
,,,14-308,
,,,14-308.1,
,,,14-309,
,,,14-310,
,,,14-311,
,,,14-312,
,,,14-313,
,,,14-314,
,,,14-315,
,,,14-316,
,,,14-317,
,,,14-400,
,,,14-401,
,,,14-402,
,,,14-403,
,,,14-404,
,,,14-405,
,,,14-406,
,,,14-407,
,,,14-408,
,,,14-409,
,,,14-410,
,,,14-411,
,,,14-412,
,,,14-413,
,,,14-414,
,,,14-415,
,,,14-416,
,,,14-417,
,,,14-418,
,,,14-419,
,,,14-420,
,,,14-421,
,,,14-422,
,,,14-423,
,,,14-424,
,,,14-425,
,,,14-426,
,,,14-427,
,,,14-428,
,,,14-429,
,,,14-430,
,,,14-431,
,,,14-432,
,,,14-433,
,,,14-434,
,,,14-435,
,,,14-435.1,
,,,14-436,
,,,14-437,
,,,14-438,
,,,14-439,
,,,14-440,
05-5(1),5-4-2005,,5-500,
,,,5-502,
,,,5-503,
,,,5-504,
05-2(1),6-1-2005,,2-202,
05-18(5),6-8-2005,,"Ch. 18, 10.5.2.2",
,,,"Ch. 18, 11.2",
,,,"Ch. 18, 11.3.1",
,,,"Ch. 18, 11.3.2",
,,,"Ch. 18, 11.4",
,,,"Ch. 18, 4.15.9",
,,,"Ch. 18, 7.1",
,,,"Ch. 18, 8.1",
,,,"Ch. 18, 8.2",
,,,"Ch. 18, 8.3",
,,,"Ch. 18, 8.4",
05-18(6),6-8-2005,,"Ch. 18, 30.2.1",
,,,"Ch. 18, 30.2.2",
,,,"Ch. 18, 30.2.3",
05-18(7),6-8-2005,,"Ch. 18, 10.2.2",
,,,"Ch. 18, 12.2.2",
,,,"Ch. 18, 13.2.2",
,,,"Ch. 18, 14.2.2",
,,,"Ch. 18, 15.2.2",
,,,"Ch. 18, 16.2.2",
,,,"Ch. 18, 17.2.2",
,,,"Ch. 18, 18.2.2",
,,,"Ch. 18, 19.3.2",
,,,"Ch. 18, 3.1",
,,,"Ch. 18, 5.1.42",
05-3(2),7-6-2005,,3-226,
05-10(1),7-6-2005,,10-123,
05-18(8),7-13-2005,,"Ch. 18, 10.2.2",
,,,"Ch. 18, 3.1",
,,,"Ch. 18, 4.12.6",
,,,"Ch. 18, 5.1.43",
05-15(2),10-5-2005,,15-1302,
,,,15-1303,
,,,15-1304,
05-18(9),11-2-2005,,"Ch. 18, 30.6.2",
05-15(3),11-9-2005,,15-700,
,,,15-702,
05-4(1),12-7-2005,,4-202,
,,,4-208,
,,,4-225,
,,,4-225,
,,,4-226,
05-9(1),12-7-2005,,9-113,
05-15(4),12-7-2005,,15-707,
06-15(1),1-4-2006,,15-806,
06-8(1),5-3-2006,,8-713,
06-2(1),6-7-2006,,2-202,
06-18(1),7-5-2006,,"Ch. 18, 36.3",
06-2(2),7-12-2006,,2-102,
06-3(1),10-4-2006,,3-230,
06-15(2),11-1-2006,,15-1300,
06-15(3),11-1-2006,,15-709,
,,,15-710,
06-4(1),12-6-2006,,4-225,
,,,4-226,
06-18(2),12-13-2006,,"Ch. 18, 10.2.1",
,,,"Ch. 18, 10.2.2",
,,,"Ch. 18, 3.1",
,,,"Ch. 18, 5.1.44",
07-17(1),2-14-2007,,17-102,
,,,17-106,
,,,17-200,
,,,17-202,
,,,17-205,
,,,17-302,
,,,17-303,
,,,17-600,
,,,17-700,
,,,17-701,
,,,17-702,
,,,17-703,
,,,17-802,
,,,17-806,
,,,17-812,
,,,17-813,
,,,17-904,
,,,17-002,
,,,17-1003,
,,,17-1004,
07-1(1),6-6-2007,,1-306,
07-2(1),6-6-2007,,2-202,
07-3(1),7-11-2007,,3-219,
07-18(1),7-11-2007,,"Ch. 18, 3.1",
07-18(1),7-11-2007,,"Ch. 18, 33.15",
,,,"Ch. 18, 33.22",
,,,"Ch. 18, 33.27",
,,,"Ch. 18, 33.28",
07-3(2),9-12-2007,,3-218,
07-3(3),9-12-2007,,3-307,
07-1(2),10-3-2007,,1-303,
07-8(1),10-3-2007,,8-403,
,,,8-700,
,,,8-713,
07-15(1),10-3-2007,,15-707,
,,,15-709,
,,,15-710,
07-15(2),10-3-2007,,15-1007,
,,,15-906,
07-18(2),10-3-2007,,"Ch. 18, 13.4.2",
,,,"Ch. 18, 14.4.3",
,,,"Ch. 18, 15.4.3",
,,,"Ch. 18, 16.4.1",
,,,"Ch. 18, 17.4.1",
,,,"Ch. 18, 18.4.1",
,,,"Ch. 18, 3.1",
07-A.1(1),12-5-2007,,A.1-103,
,,,A.1-107,
,,,A.1-108,
,,,A.1-109,
08-2(1),2-6-2008,,2-103,
08-14(1),2-6-2008,,14-212,
,,,14-302,
08-17(1),2-6-2008,,17-205,
,,,17-300,
,,,17-301,
,,,17-304,
,,,17-600,
,,,17-604,
08-18(1),2-6-2008,,"Ch. 18, 4.6.6",
08-17(2),5-7-2008,,17-406,
,,,17-603,
,,,17-604,
08-18(2),5-7-2008,,"Ch. 18, 11.3.1",
08-2(2),6-4-2008,,2-202,
08-2(3),6-4-2008,,2-600,
,,,2-601,
,,,2-602,
,,,2-603,
08-18(3),6-11-2008,,"Ch. 18, 20B.1",
,,,"Ch. 18, 20B.2",
,,,"Ch. 18, 20B.3",
,,,"Ch. 18, 20B.4",
,,,"Ch. 18, 20B.5",
,,,"Ch. 18, 20B.6",
,,,"Ch. 18, 20B.7",
,,,"Ch. 18, 20B.7",
,,,"Ch. 18, 3.1",
08-18(4),6-11-2008,,"Ch. 18, 14.3",
,,,"Ch. 18, 15.3",
,,,"Ch. 18, 16.3",
,,,"Ch. 18, 17.3",
,,,"Ch. 18, 18.3",
,,,"Ch. 18, 3.1",
,,,"Ch. 18, 4.11.3",
08-4(1),6-11-2008,,4-319,
08-2(4),7-2-2008,,2-107,
08-3(1),7-9-2008,,3-211,
,,,3-225,
,,,3-228,
08-18(5),7-9-2008,,"Ch. 18, 4.10.3.2",
,,,"Ch. 18, 4.17.5",
08-3(2),8-6-2008,,3-226,
08-5(1),8-6-2008,,5-100,
,,,5-102,
,,,5-103,
,,,5-200,
,,,5-201,
,,,5-202,
,,,5-203,
,,,5-204,
,,,5-206,
,,,5-207,
,,,5-208,
08-17(3),8-6-2008,,17-205,
,,,17-207,
,,,17-208,
,,,17-410,
,,,17-418,
,,,17-424,
,,,17-810,
08-4(2),9-3-2008,,4-200,
,,,4-200,
,,,4-201,
,,,4-202,
,,,4-203,
,,,4-204,
,,,4-205,
,,,4-206,
,,,4-207,
,,,4-208,
,,,4-225,
,,,4-313,
08-17(4),9-3-2008,,17-602,
08-15(1),10-1-2008,,15-901,
08-15(2),10-1-2008,,15-716,
08-3(3),10-8-2008,,3-215,
08-18(6),11-12-2008,,"Ch. 18, 24.1",
,,,"Ch. 18, 24.2.2",
,,,"Ch. 18, 24.3",
,,,"Ch. 18, 25.2.2",
,,,"Ch. 18, 25.3",
,,,"Ch. 18, 25A.2.2",
,,,"Ch. 18, 27.2",
,,,"Ch. 18, 27.2",
,,,"Ch. 18, 28.2",
,,,"Ch. 18, 28.2",
,,,"Ch. 18, 3.1",
08-18(7),11-12-2008,,"Ch. 18, 10.2.1",
,,,"Ch. 18, 10.2.2",
,,,"Ch. 18, 10.4",
,,,"Ch. 18, 3.1",
,,,"Ch. 18, 5.1.45",
,,,"Ch. 18, 6.4",
08-9(1),12-3-2008,,9-116,
09-18(1),1-14-2009,,"Ch. 18, 2.1.1",
,,,"Ch. 18, 21.5",
,,,"Ch. 18, 26.5",
,,,"Ch. 18, 4.2.5",
,,,"Ch. 18, 4.7",
09-11(1),4-1-2009,,11-105,
09-14(1),5-13-2009,,14-203,
09-18(2),5-13-2009,,"Ch. 18, 30.3.11",
09-3(1),6-10-2009,,3-201,
,,,3-204,
,,,3-205,
,,,3-301,
,,,3-305,
09-A.1(1),6-10-2009,,A.1-103,
,,,A.1-104,
09-18(3),7-1-2009,,"Ch. 18, 3.1",
,,,"Ch. 18, 31.1",
,,,"Ch. 18, 31.2",
,,,"Ch. 18, 31.3",
,,,"Ch. 18, 31.4",
,,,"Ch. 18, 31.5",
,,,"Ch. 18, 33.39",
,,,"Ch. 18, 33.40",
,,,"Ch. 18, 33.41",
,,,"Ch. 18, 34.3",
,,,"Ch. 18, 36.1",
,,,"Ch. 18, 36.2",
09-18(4),7-1-2009,,"Ch. 18, 4.11.2",
,,,"Ch. 18, 4.11.4",
,,,"Ch. 18, 5.1.16",
09-18(5),7-1-2009,,"Ch. 18, 3.1",
09-4(1),7-8-2009,,4-101,
,,,4-102,
,,,4-103,
,,,4-104,
,,,4-200,
,,,4-201,
,,,4-202,
,,,4-203,
,,,4-204,
,,,4-205,
,,,4-206,
,,,4-207,
,,,4-208,
,,,4-209,
,,,4-210,
,,,4-211,
,,,4-212,
,,,4-213,
,,,4-214,
,,,4-215,
,,,4-216,
,,,4-217,
,,,4-218,
,,,4-219,
,,,4-220,
,,,4-225,
,,,4-225,
,,,4-226,
,,,4-226,
,,,4-227,
,,,4-228,
,,,4-230,
,,,4-231,
,,,4-232,
,,,4-233,
,,,4-234,
,,,4-235,
,,,4-236,
,,,4-300,
,,,4-301,
,,,4-302,
,,,4-303,
,,,4-304,
,,,4-305,
,,,4-306,
,,,4-307,
,,,4-308,
,,,4-309,
,,,4-311,
,,,4-312,
,,,4-313,
,,,4-314,
,,,4-315,
,,,4-316,
,,,4-317,
,,,4-318,
,,,4-319,
09-17(1),8-5-2009,,17-500,
,,,17-808,
09-18(6),8-5-2009,,"Ch. 18, 23.2.1",
09-18(7),8-5-2009,,"Ch. 18, 28.2",
09-18(8),8-5-2009,,"Ch. 18, 3.1",
09-3(2),9-2-2009,,3-209,
09-3(3),9-2-2009,,3-233,
09-6(1),9-9-2009,,6-500,
,,,6-501,
,,,6-502,
,,,6-503,
09-4(2),10-7-2009,,4-225,
,,,4-226,
09-14(2),10-14-2009,,14-203.1,
,,,14-203.1,
,,,14-207,
,,,14-404,
,,,14-412,
,,,14-434,
09-18(9),10-14-2009,,"Ch. 18, 20A.10",
,,,"Ch. 18, 20A.5",
,,,"Ch. 18, 20A.6",
,,,"Ch. 18, 20A.7",
,,,"Ch. 18, 20A.9",
,,,"Ch. 18, 3.1",
,,,"Ch. 18, 8.2",
,,,"Ch. 18, 8.3",
,,,"Ch. 18, 8.5.1",
,,,"Ch. 18, 8.5.5.2",
,,,"Ch. 18, 8.5.5.3",
,,,"Ch. 18, 8.5.5.4",
,,,"Ch. 18, 8.5.5.5",
09-3(4),12-2-2009,,3-207,
,,,3-208,
,,,3-209,
,,,3-210,
,,,3-211,
,,,3-212,
,,,3-213,
,,,3-214,
,,,3-215,
,,,3-218,
,,,3-220,
,,,3-221,
,,,3-222,
,,,3-223,
,,,3-225,
,,,3-226,
,,,3-230,
,,,3-231,
,,,3-233,
09-18(10),12-2-2009,,"Ch. 18, 3.1",
,,,"Ch. 18, 6.4",
09-3(5),12-9-2009,,3-224,
09-18(11),12-10-2009,,"Ch. 18, 10.2.1",
,,,"Ch. 18, 3.1",
,,,"Ch. 18, 5.1.46",
10-18(1),1-13-2010,,"Ch. 18, 20B.3",
,,,"Ch. 18, 20B.7",
,,,"Ch. 18, 3.1",
,,,"Ch. 18, 4.15.10",
10-14(1),2-10-2010,,14-316,
,,,14-400,
,,,14-403,
,,,14-404,
10-3(1),4-14-2010,,3-207,
10-18(3),5-5-2010,,"Ch. 18, 10.2.1",
,,,"Ch. 18, 10.2.2",
,,,"Ch. 18, 3.1",
,,,"Ch. 18, 3.1",
,,,"Ch. 18, 5.1.22",
10-18(4),5-5-2010,,"Ch. 18, 10.2.1",
,,,"Ch. 18, 10.2.2",
,,,"Ch. 18, 11.3.1",
,,,"Ch. 18, 11.3.2",
,,,"Ch. 18, 12.2.1",
,,,"Ch. 18, 12.2.2",
,,,"Ch. 18, 13.2.2",
,,,"Ch. 18, 14.2.2",
,,,"Ch. 18, 15.2.2",
,,,"Ch. 18, 16.2.2",
,,,"Ch. 18, 17.2.2",
,,,"Ch. 18, 18.2.2",
,,,"Ch. 18, 19.3.2",
,,,"Ch. 18, 20.3.2",
,,,"Ch. 18, 20A.6",
,,,"Ch. 18, 20B.2",
,,,"Ch. 18, 22.2.1",
,,,"Ch. 18, 23.2.1",
,,,"Ch. 18, 24.1",
,,,"Ch. 18, 27.2",
,,,"Ch. 18, 27.2",
,,,"Ch. 18, 28.2",
,,,"Ch. 18, 28.2",
,,,"Ch. 18, 3.1",
,,,"Ch. 18, 4.15.5",
,,,"Ch. 18, 4.15.6",
,,,"Ch. 18, 5.1.47",
10-18(5),5-12-2010,,"Ch. 18, 3.1",
,,,"Ch. 18, 3.1",
,,,"Ch. 18, 30.6.1",
,,,"Ch. 18, 30.6.2",
,,,"Ch. 18, 30.6.3",
,,,"Ch. 18, 30.6.4",
,,,"Ch. 18, 30.6.5",
,,,"Ch. 18, 30.6.6",
,,,"Ch. 18, 30.6.8",
,,,"Ch. 18, 30.6.9",
10-18(6),6-2-2010,,"Ch. 18, 27.2",
10-3(2),7-7-2010,,3-214,
,,,3-218,
,,,3-219,
,,,3-222,
,,,3-224,
,,,3-226,
10-17(1),7-11-2010,,17-800,
,,,17-801,
10-18(7),8-4-2010,,"Ch. 18, 35.1",
,,,"Ch. 18, 35.2",
,,,"Ch. 18, 35.4",
10-4(1),9-1-2010,,4-300,
,,,4-312,
,,,4-314,
,,,4-315,
10-10(1),11-3-2010,,10-100,
,,,10-102,
,,,10-103,
,,,10-104,
,,,10-105,
,,,10-106,
,,,10-107,
,,,10-109,
,,,10-110,
,,,10-111,
,,,10-115,
,,,10-117,
,,,10-119,
,,,10-120,
,,,10-121,
,,,10-124,
10-3(3),12-1-2010,,3-208,
,,,3-210,
,,,3-214,
,,,3-218,
,,,3-220,
,,,3-223,
,,,3-230,
,,,3-231,
11-18(1),1-12-2011,,"Ch. 18, 10.2.1",
,,,"Ch. 18, 10.2.2",
,,,"Ch. 18, 3.1",
,,,"Ch. 18, 3.1",
,,,"Ch. 18, 31.5",
,,,"Ch. 18, 35.1",
,,,"Ch. 18, 4.15.5",
,,,"Ch. 18, 4.15.6",
,,,"Ch. 18, 5.1",
,,,"Ch. 18, 5.1.34",
,,,"Ch. 18, 5.2",
,,,"Ch. 18, 5.2A",
11-18(2),1-12-2011,,"Ch. 18, 24.2.2",
11-4(1),2-2-2011,,4-103,
11-18(3),3-9-2011,,"Ch. 18, 5.1.22",
11-18(4),4-6-2011,,"Ch. 18, 10.5.2.2",
,,,"Ch. 18, 11.3.1",
,,,"Ch. 18, 11.3.2",
,,,"Ch. 18, 11.5",
11-6(1),4-20-2011,,6-100,
,,,6-101,
,,,6-102,
,,,6-103,
,,,6-104,
,,,6-105,
,,,6-106,
,,,6-107,
,,,6-108,
,,,6-110,
,,,6-111,
,,,6-112,
11-2(1),5-4-2011,,2-202,
11-2(2),5-4-2011,,2-100,
,,,2-101,
,,,2-102,
,,,2-103,
,,,2-104,
,,,2-105,
,,,2-106,
11-A.1(1),5-4-2011,,A.1-103,
,,,A.1-108,
,,,A.1-109,
11-15(1),5-11-2011,,15-707,
,,,15-710,
11-15(2),5-11-2011,,15-704,
11-14(1),6-1-2011,,14-106,
,,,14-203,
,,,14-208.3,
,,,14-209,
,,,14-302,
,,,14-303,
,,,14-310,
11-18(5),6-1-2011,,"Ch. 18, 3.1",
11-18(6),6-1-2011,,"Ch. 18, 3.1",
,,,"Ch. 18, 4.2.1",
,,,"Ch. 18, 4.3.2",
11-18(7),6-1-2011,,"Ch. 18, 35.1",
11-3(1),7-6-2011,,3-219,
,,,3-232,
11-3(2),7-6-2011,,3-208,
,,,3-210,
11-3(2),7-6-2011,,3-222,
11-4(2),7-6-2011,,4-306,
,,,4-307,
,,,4-308,
,,,4-309,
11-11(1),7-6-2011,,11-301,
,,,11-302,
,,,11-304,
,,,11-305,
,,,11-306,
11-15(3),7-6-2011,,15-600,
,,,15-601,
,,,15-603,
,,,15-803,
11-3(3),8-3-2011,,3-105,
,,,3-200,
,,,3-201,
,,,3-202,
,,,3-203,
,,,3-204,
,,,3-205,
,,,3-300,
11-12(2),8-3-2011,,12-100,
,,,12-101,
,,,12-102,
,,,12-103,
,,,12-104,
,,,12-105,
,,,12-106,
,,,12-107,
,,,12-108,
,,,12-302,
,,,12-307,
,,,12-311,
11-18(8),8-3-2011,,,
,,,"Ch. 18, 30.4.03",
,,,"Ch. 18, 30.4.14",
,,,"Ch. 18, 31.5",
,,,"Ch. 18, 4.14",
,,,"Ch. 18, 4.14.2",
,,,"Ch. 18, 4.14.3",
,,,"Ch. 18, 4.14.4",
,,,"Ch. 18, 4.14.5",
11-17(1),10-5-2011,,17-207,
,,,17-208,
,,,17-406,
,,,17-410,
,,,17-415,
,,,17-424,
,,,17-604,
13-14(1),12-4-2011,,14-419,
,,,14-105,
,,,14-106,
,,,14-200,
,,,14-201,
,,,14-202,
,,,14-202.1,
,,,14-203,
,,,14-203.1,
,,,14-203.2,
,,,14-206,
,,,14-207,
,,,14-208,
,,,14-208.1,
,,,14-208.2,
,,,14-209,
,,,14-212,
,,,14-212.1,
,,,14-213,
,,,14-215,
,,,14-216,
,,,14-217,
,,,14-218,
,,,14-219,
,,,14-220,
,,,14-221,
,,,14-222,
,,,14-223,
,,,14-224,
,,,14-225,
,,,14-225.1,
,,,14-226,
,,,14-227,
,,,14-228,
,,,14-229,
,,,14-230,
,,,14-231,
,,,14-231.1,
,,,14-300,
,,,14-302,
,,,14-303,
,,,14-304,
,,,14-305,
,,,14-307,
,,,14-307.1,
,,,14-317,
,,,14-318,
,,,14-401,
,,,14-402,
,,,14-404,
,,,14-405,
,,,14-407,
,,,14-409,
,,,14-410,
,,,14-412,
,,,14-414,
,,,14-420,
,,,14-422,
,,,14-431,
,,,14-434,
,,,14-435,
,,,14-435.1,
,,,14-436,
,,,14-437,
,,,14-438,
,,,14-439,
,,,14-440,
,,,14-441,
11-3(4),12-7-2011,,3-208,
,,,3-210,
,,,3-216,
,,,3-223,
,,,3-231,
12-18(1),2-8-2012,,"Ch. 18, 33.43",
,,,"Ch. 18, 33.44",
,,,"Ch. 18, 33.47",
,,,"Ch. 18, 33.48",
,,,"Ch. 18, 33.48",
,,,"Ch. 18, 33.49",
,,,"Ch. 18, 33.49",
12-5(1),3-7-2012,,5-100,
,,,5-102,
,,,5-103,
,,,5-104,
,,,5-105,
12-18(2),3-14-2012,,"Ch. 18, 3.1",
,,,"Ch. 18, 30.6.4",
,,,"Ch. 18, 30.6.5",
,,,"Ch. 18, 4.15.1",
,,,"Ch. 18, 4.15.10",
,,,"Ch. 18, 4.15.11",
,,,"Ch. 18, 4.15.11",
,,,"Ch. 18, 4.15.11",
,,,"Ch. 18, 4.15.5",
,,,"Ch. 18, 4.15.6",
,,,"Ch. 18, 4.15.9",
12-4(1),4-11-2012,,4-225,
,,,4-226,
12-2(1),5-2-2012,,2-202,
12-17(1),5-9-2012,,17-604,
12-18(3),6-6-2012,,"Ch. 18, 10.2.1",
,,,"Ch. 18, 3.1",
,,,"Ch. 18, 4.12.6",
,,,"Ch. 18, 5.1.48",
12-14(1),7-11-2012,,14-106,
,,,14-309,
,,,14-310,
,,,14-415,
,,,14-416,
12-18(4),7-11-2012,,"Ch. 18, 10.5.2",
,,,"Ch. 18, 3.1",
,,,"Ch. 18, 4.1",
,,,"Ch. 18, 4.2",
,,,"Ch. 18, 4.2.1",
,,,"Ch. 18, 4.2.2",
,,,"Ch. 18, 4.2.3",
,,,"Ch. 18, 4.2.4",
,,,"Ch. 18, 4.7",
,,,"Ch. 18, 5.1.43",
,,,"Ch. 18, 5.1.44",
12-3(1),7-11-2012,,3-212,
,,,3-218,
,,,3-223,
12-18(5),9-12-2012,,"Ch. 18, 4.15.11",
12-18(6),10-3-2012,,"Ch. 18, 32.8.1",
,,,"Ch. 18, 3.1",
,,,"Ch. 18, 31.6",
,,,"Ch. 18, 32.1.2",
,,,"Ch. 18, 32.1.3",
,,,"Ch. 18, 32.2",
,,,"Ch. 18, 32.3.1",
,,,"Ch. 18, 32.3.2",
,,,"Ch. 18, 32.3.3",
,,,"Ch. 18, 32.3.4",
,,,"Ch. 18, 32.3.5",
,,,"Ch. 18, 32.3.6",
,,,"Ch. 18, 32.4.1.1",
,,,"Ch. 18, 32.4.1.2",
,,,"Ch. 18, 32.4.1.3",
,,,"Ch. 18, 32.4.1.4",
,,,"Ch. 18, 32.4.2.1",
,,,"Ch. 18, 32.4.2.2",
,,,"Ch. 18, 32.4.2.3",
,,,"Ch. 18, 32.4.2.4",
,,,"Ch. 18, 32.4.2.5",
,,,"Ch. 18, 32.4.2.6",
,,,"Ch. 18, 32.4.2.7",
,,,"Ch. 18, 32.4.2.8",
,,,"Ch. 18, 32.4.3.1",
,,,"Ch. 18, 32.4.3.2",
,,,"Ch. 18, 32.4.3.3",
,,,"Ch. 18, 32.4.3.4",
,,,"Ch. 18, 32.4.3.5",
,,,"Ch. 18, 32.4.3.6",
,,,"Ch. 18, 32.4.3.7",
,,,"Ch. 18, 32.4.3.8",
,,,"Ch. 18, 32.5.1",
,,,"Ch. 18, 32.5.2",
,,,"Ch. 18, 32.5.3",
,,,"Ch. 18, 32.5.4",
,,,"Ch. 18, 32.5.5",
,,,"Ch. 18, 32.6.2",
,,,"Ch. 18, 32.6.3",
,,,"Ch. 18, 32.7.1.1",
,,,"Ch. 18, 32.7.1.2",
,,,"Ch. 18, 32.7.1.3",
,,,"Ch. 18, 32.7.2.1",
,,,"Ch. 18, 32.7.2.2",
,,,"Ch. 18, 32.7.2.3",
,,,"Ch. 18, 32.7.3",
,,,"Ch. 18, 32.7.4.1",
,,,"Ch. 18, 32.7.4.2",
,,,"Ch. 18, 32.7.5.1",
,,,"Ch. 18, 32.7.5.2",
,,,"Ch. 18, 32.7.5.3",
,,,"Ch. 18, 32.7.5.4",
,,,"Ch. 18, 32.7.6",
,,,"Ch. 18, 32.7.7",
,,,"Ch. 18, 32.7.8",
,,,"Ch. 18, 32.7.9.1",
,,,"Ch. 18, 32.7.9.2",
,,,"Ch. 18, 32.7.9.3",
,,,"Ch. 18, 32.7.9.4",
,,,"Ch. 18, 32.7.9.5",
,,,"Ch. 18, 32.7.9.6",
,,,"Ch. 18, 32.7.9.7",
,,,"Ch. 18, 32.7.9.8",
,,,"Ch. 18, 32.7.9.9",
,,,"Ch. 18, 32.8.2",
,,,"Ch. 18, 32.8.3",
,,,"Ch. 18, 32.8.4",
,,,"Ch. 18, 32.8.5",
,,,"Ch. 18, 32.8.6",
,,,"Ch. 18, 35.1",
,,,"Ch. 18, 35.2",
,,,"Ch. 18, 32.6.1",
12-3(2),12-5-2012,,3-208,
,,,3-211,
12-18(7),12-5-2012,,"Ch. 18, 1.7",
,,,"Ch. 18, 10.5.2",
,,,"Ch. 18, 19.10",
,,,"Ch. 18, 20.2",
,,,"Ch. 18, 29.4",
,,,"Ch. 18, 3.1",
,,,"Ch. 18, 30.5.5",
,,,"Ch. 18, 31.1",
,,,"Ch. 18, 33.1",
,,,"Ch. 18, 33.10",
,,,"Ch. 18, 33.11",
,,,"Ch. 18, 33.12",
,,,"Ch. 18, 33.13",
,,,"Ch. 18, 33.14",
,,,"Ch. 18, 33.15",
,,,"Ch. 18, 33.16",
,,,"Ch. 18, 33.17",
,,,"Ch. 18, 33.18",
,,,"Ch. 18, 33.19",
,,,"Ch. 18, 33.2",
,,,"Ch. 18, 33.20",
,,,"Ch. 18, 33.22",
,,,"Ch. 18, 33.23",
,,,"Ch. 18, 33.24",
,,,"Ch. 18, 33.25",
,,,"Ch. 18, 33.26",
,,,"Ch. 18, 33.26",
,,,"Ch. 18, 33.27",
,,,"Ch. 18, 33.27",
,,,"Ch. 18, 33.27",
,,,"Ch. 18, 33.28",
,,,"Ch. 18, 33.28",
,,,"Ch. 18, 33.29",
,,,"Ch. 18, 33.3",
,,,"Ch. 18, 33.30",
,,,"Ch. 18, 33.31",
,,,"Ch. 18, 33.32",
,,,"Ch. 18, 33.33",
,,,"Ch. 18, 33.34",
,,,"Ch. 18, 33.36",
,,,"Ch. 18, 33.37",
,,,"Ch. 18, 33.38",
,,,"Ch. 18, 33.39",
,,,"Ch. 18, 33.39",
,,,"Ch. 18, 33.4",
,,,"Ch. 18, 33.40",
,,,"Ch. 18, 33.41",
,,,"Ch. 18, 33.42",
,,,"Ch. 18, 33.43",
,,,"Ch. 18, 33.44",
,,,"Ch. 18, 33.45",
,,,"Ch. 18, 33.47",
,,,"Ch. 18, 33.48",
,,,"Ch. 18, 33.49",
,,,"Ch. 18, 33.5",
,,,"Ch. 18, 33.5",
,,,"Ch. 18, 33.52",
,,,"Ch. 18, 33.53",
,,,"Ch. 18, 33.54",
,,,"Ch. 18, 33.6",
,,,"Ch. 18, 33.7",
,,,"Ch. 18, 33.8",
,,,"Ch. 18, 33.9",
,,,"Ch. 18, 34.4",
,,,"Ch. 18, 35.1",
,,,"Ch. 18, 4.8.1",
13-6(1),1-9-2013,,6-403,
,,,6-404,
,,,6-406,
,,,6-407,
13-18(2),4-1-2013,,"Ch. 18, 24.3",
,,,"Ch. 18, 25.2.2",
13-18(1),4-3-2013,,"Ch. 18, 25A.3",
,,,"Ch. 18, 26.2",
,,,"Ch. 18, 26.3",
,,,"Ch. 18, 26.4",
,,,"Ch. 18, 26.5",
,,,"Ch. 18, 26.6",
,,,"Ch. 18, 26.7",
,,,"Ch. 18, 27.2",
,,,"Ch. 18, 27.3",
,,,"Ch. 18, 28.1",
,,,"Ch. 18, 28.2",
,,,"Ch. 18, 28.3",
,,,"Ch. 18, 29.1",
,,,"Ch. 18, 29.2",
,,,"Ch. 18, 29.3",
,,,"Ch. 18, 3.1",
,,,"Ch. 18, 4.14.5",
,,,"Ch. 18, 5.1.10",
,,,"Ch. 18, 5.1.14",
,,,"Ch. 18, 5.1.20",
,,,"Ch. 18, 5.1.21",
,,,"Ch. 18, 5.1.30",
,,,"Ch. 18, 5.1.49",
,,,"Ch. 18, 5.1.50",
,,,"Ch. 18, 5.1.51",
,,,"Ch. 18, 5.1.52",
,,,"Ch. 18, 5.1.53",
,,,"Ch. 18, 5.1.54",
,,,"Ch. 18, 5.1.55",
,,,"Ch. 18, 8.5.5.2",
13-18(2),4-3-2013,,"Ch. 18, 20.3.1",
,,,"Ch. 18, 20.3.2",
,,,"Ch. 18, 20A.6",
,,,"Ch. 18, 20B.2",
,,,"Ch. 18, 22.2.1",
,,,"Ch. 18, 22.2.2",
,,,"Ch. 18, 23.2.1",
,,,"Ch. 18, 23.2.2",
,,,"Ch. 18, 24.1",
,,,"Ch. 18, 24.2.2",
,,,"Ch. 18, 25.3",
,,,"Ch. 18, 3.1",
13-2(1),5-1-2013,,2-202,
13-6(2),5-8-2013,,6-303,
,,,6-309,
13-18(3),5-8-2013,,"Ch. 18, 3.1",
,,,"Ch. 18, 5.1.40",
13-4(1),7-3-2013,,4-103,
,,,4-210,
,,,4-211,
,,,4-212,
,,,4-213,
,,,4-214,
,,,4-215,
,,,4-216,
,,,4-217,
,,,4-218,
,,,4-219,
,,,4-220,
,,,4-221,
,,,4-222,
,,,4-223,
,,,4-224,
,,,4-301,
,,,4-302,
13-6(3),7-3-2013,,6-113,
13-10(1),7-3-2013,,10-123,
13-12(1),7-3-2013,,12-308,
,,,12-311,
13-18(4),9-4-2013,,"Ch. 18, 3.1",
,,,"Ch. 18, 4.18.01",
,,,"Ch. 18, 4.18.05",
13-18(5),9-11-2013,,"Ch. 18, 10.2.1",
,,,"Ch. 18, 12.2.1",
,,,"Ch. 18, 13.2.1",
,,,"Ch. 18, 13.4.4",
,,,"Ch. 18, 14.4.5",
,,,"Ch. 18, 15.4.4",
,,,"Ch. 18, 16.7",
,,,"Ch. 18, 18.2.1",
,,,"Ch. 18, 19.3.1",
,,,"Ch. 18, 20.3.1",
,,,"Ch. 18, 20A.6",
,,,"Ch. 18, 20B.2",
,,,"Ch. 18, 3.1",
,,,"Ch. 18, 5.1.06",
,,,"Ch. 18, 5.1.56",
13-9(1),11-13-2013,,9-300,
,,,9-301,
,,,9-302,
,,,9-303,
13-18(6),11-13-2013,,"Ch. 18, 3.1",
,,,"Ch. 18, 4.12.3",
,,,"Ch. 18, 4.15.8",
13-2(2),12-4-2013,,2-503,
,,,2-504,
13-3(1),12-4-2013,,3-216,
,,,3-218,
,,,3-221,
,,,3-222,
,,,3-223,
,,,3-232,
13-18(7),12-4-2013,,"Ch. 18, 3.1",
,,,"Ch. 18, 32.4.1.3",
,,,"Ch. 18, 32.4.2.8",
,,,"Ch. 18, 32.5.2",
,,,"Ch. 18, 32.5.6",
,,,"Ch. 18, 32.6.4",
,,,"Ch. 18, 32.8.1",
,,,"Ch. 18, 32.8.6",
,,,"Ch. 18, 35.1",
13-18(8),12-11-2013,,"Ch. 18, 20B.2",
,,,"Ch. 18, 20B.8",
14-14(1),3-5-2014,,14-302,
,,,14-308,
14-14(2),3-5-2014,,14-216,
,,,14-302,
,,,14-304,
,,,14-404,
,,,14-410,
,,,14-420,
,,,14-422,
14-18(1),3-5-2014,,"Ch. 18, 3.1",
,,,"Ch. 18, 30.2.4.1",
,,,"Ch. 18, 30.3.10",
,,,"Ch. 18, 30.3.11",
,,,"Ch. 18, 30.3.12",
,,,"Ch. 18, 30.3.13",
,,,"Ch. 18, 30.3.14",
,,,"Ch. 18, 30.3.15",
,,,"Ch. 18, 30.3.16",
,,,"Ch. 18, 30.3.17",
,,,"Ch. 18, 30.3.2",
,,,"Ch. 18, 30.3.3",
,,,"Ch. 18, 30.3.4",
,,,"Ch. 18, 30.3.6",
,,,"Ch. 18, 30.3.7",
,,,"Ch. 18, 30.3.8",
,,,"Ch. 18, 30.3.9",
,,,"Ch. 18, 32.5.2",
,,,"Ch. 18, 32.5.7",
,,,"Ch. 18, 35.1",
,,,"Ch. 18, 36.1",
14-18(2),3-5-2014,,"Ch. 18, 3.1",
,,,"Ch. 18, 30.7.1",
,,,"Ch. 18, 30.7.2",
,,,"Ch. 18, 30.7.3",
,,,"Ch. 18, 30.7.4",
,,,"Ch. 18, 30.7.5",
,,,"Ch. 18, 30.7.6",
,,,"Ch. 18, 32.4.1.3",
,,,"Ch. 18, 32.5.2",
,,,"Ch. 18, 32.7.5.2",
,,,"Ch. 18, 33.10",
,,,"Ch. 18, 33.12",
,,,"Ch. 18, 33.14",
,,,"Ch. 18, 33.15",
,,,"Ch. 18, 33.16",
,,,"Ch. 18, 33.17",
,,,"Ch. 18, 33.18",
,,,"Ch. 18, 33.19",
,,,"Ch. 18, 33.20",
,,,"Ch. 18, 33.23",
,,,"Ch. 18, 33.24",
,,,"Ch. 18, 33.25",
,,,"Ch. 18, 33.26",
,,,"Ch. 18, 33.27",
,,,"Ch. 18, 33.29",
,,,"Ch. 18, 33.30",
,,,"Ch. 18, 33.31",
,,,"Ch. 18, 33.32",
,,,"Ch. 18, 33.33",
,,,"Ch. 18, 33.34",
,,,"Ch. 18, 33.36",
,,,"Ch. 18, 33.37",
,,,"Ch. 18, 33.38",
,,,"Ch. 18, 33.39",
,,,"Ch. 18, 33.40",
,,,"Ch. 18, 33.42",
,,,"Ch. 18, 33.44",
,,,"Ch. 18, 33.45",
,,,"Ch. 18, 33.52",
,,,"Ch. 18, 33.53",
,,,"Ch. 18, 33.54",
,,,"Ch. 18, 35.1",
,,,"Ch. 18, 4.2.1",
,,,"Ch. 18, 4.2.3",
,,,"Ch. 18, 4.2.6",
,,,"Ch. 18, 4.7",
14-17(1),5-7-2014,,17-101,
,,,17-102,
,,,17-103,
,,,17-104,
,,,17-105,
,,,17-106,
,,,17-107,
,,,17-108,
,,,17-200,
,,,17-201,
,,,17-202,
,,,17-203,
,,,17-204,
,,,17-205,
,,,17-206,
,,,17-207,
,,,17-208,
,,,17-209,
,,,17-210,
,,,17-211,
,,,17-300,
,,,17-301,
,,,17-302,
,,,17-303,
,,,17-304,
,,,17-305,
,,,17-306,
,,,17-400,
,,,17-401,
,,,17-402,
,,,17-403,
,,,17-404,
,,,17-405,
,,,17-406,
,,,17-407,
,,,17-408,
,,,17-409,
,,,17-410,
,,,17-411,
,,,17-412,
,,,17-413,
,,,17-414,
,,,17-415,
,,,17-416,
,,,17-417,
,,,17-418,
,,,17-419,
,,,17-420,
,,,17-421,
,,,17-422,
,,,17-423,
,,,17-424,
,,,17-500,
,,,17-501,
,,,17-502,
,,,17-600,
,,,17-601,
,,,17-602,
,,,17-603,
,,,17-604,
,,,17-700,
,,,17-701,
,,,17-702,
,,,17-703,
,,,17-800,
,,,17-801,
,,,17-802,
,,,17-803,
,,,17-804,
,,,17-805,
,,,17-806,
,,,17-807,
,,,17-808,
,,,17-809,
,,,17-810,
,,,17-811,
,,,17-812,
,,,17-813,
,,,17-814,
,,,17-900,
,,,17-901,
,,,17-902,
,,,17-903,
,,,17-904,
,,,17-905,
,,,17-1000,
,,,17-1001,
,,,17-1002,
,,,17-1003,
,,,17-1004,
,,,17-1005,
14-2(1),6-4-2014,,2-202,
14-4(1),6-4-2014,,4-103,
,,,4-204,
,,,4-226,
,,,4-227,
,,,4-230,
,,,4-231,
,,,4-232,
,,,4-233,
,,,4-234,
,,,4-235,
,,,4-300,
,,,4-303,
,,,4-314,
,,,4-315,
,,,4-319,
14-15(1),6-4-2014,,15-1300,
14-18(3),6-4-2014,,"Ch. 18, 3.1",
14-9(1),7-2-2014,,9-500,
,,,9-501,
,,,9-502,
14-3(1),8-6-2014,,3-213,
,,,3-227,
,,,3-229,
14-8(1),9-3-2014,,8-800,
14-15(3),9-3-2014,,15-706,
,,,15-707,
,,,15-708,
,,,15-709,
,,,15-711,
14-2(2),11-5-2014,,2-905,
,,,2-906,
14-13(2),11-12-2014,,3-218,
14-18(2),11-12-2014,,"Ch. 18, 5.1.58",
14-18(4),11-12-2014,,"Ch. 18, 10.2.1",
,,,"Ch. 18, 10.2.2",
,,,"Ch. 18, 11.3.1",
,,,"Ch. 18, 11.3.2",
,,,"Ch. 18, 3.1",
,,,"Ch. 18, 31.5",
,,,"Ch. 18, 5.1.22",
,,,"Ch. 18, 5.1.47",
,,,"Ch. 18, 5.1.57",
14-3(2),11-12-2014,,3-223,
,,,3-224,
,,,3-226,
15-12(1),1-7-2015,,12-101,
,,,12-102,
,,,12-104,
,,,12-108,
15-18(1),2-11-2015,,"Ch. 18, 3.1",
,,,"Ch. 18, 5.1.40",
15-18(2),4-8-2015,,"Ch. 18, 3.1",
,,,"Ch. 18, 5.1.40",
15-18(3),5-6-2015,,"Ch. 18, 3.1",
,,,"Ch. 18, 30.6.5",
,,,"Ch. 18, 4.15.6",
,,,"Ch. 18, 4.15.8",
15-2(1),6-3-2015,,2-202,
15-18(4),6-3-2015,,"Ch. 18, 13.3",
,,,"Ch. 18, 14.3",
,,,"Ch. 18, 15.3",
,,,"Ch. 18, 16.3",
,,,"Ch. 18, 16.5",
,,,"Ch. 18, 17.3",
,,,"Ch. 18, 17.4.4",
,,,"Ch. 18, 17.7",
,,,"Ch. 18, 18.3",
,,,"Ch. 18, 18.4.4",
,,,"Ch. 18, 18.7",
,,,"Ch. 18, 19.4",
,,,"Ch. 18, 19.8",
,,,"Ch. 18, 19.9",
,,,"Ch. 18, 20.8.4",
,,,"Ch. 18, 20.8.5",
,,,"Ch. 18, 20.8.6",
,,,"Ch. 18, 21.1",
,,,"Ch. 18, 21.5",
,,,"Ch. 18, 21.8",
,,,"Ch. 18, 26.4",
,,,"Ch. 18, 26.5",
,,,"Ch. 18, 3.1",
,,,"Ch. 18, 4.19",
,,,"Ch. 18, 4.20",
15-15(1),7-1-2015,,15-806,
15-4(1),7-1-2015,,4-103,
15-8(1),7-1-2015,,8-800,
15-18(5),7-8-2015,,"Ch. 18, 3.1",
,,,"Ch. 18, 31.2",
,,,"Ch. 18, 32.3.5",
,,,"Ch. 18, 32.4.2.8",
,,,"Ch. 18, 32.4.2.9",
,,,"Ch. 18, 32.5.2",
,,,"Ch. 18, 32.5.4",
,,,"Ch. 18, 32.6.4",
,,,"Ch. 18, 32.7.4.1",
,,,"Ch. 18, 32.7.4.2",
,,,"Ch. 18, 34.1",
,,,"Ch. 18, 34.2",
,,,"Ch. 18, 34.3",
,,,"Ch. 18, 34.4",
,,,"Ch. 18, 34.5",
,,,"Ch. 18, 34.6",
,,,"Ch. 18, 34A.1",
,,,"Ch. 18, 34A.2",
,,,"Ch. 18, 34A.3",
,,,"Ch. 18, 36.1",
,,,"Ch. 18, 36.2",
,,,"Ch. 18, 36.3",
,,,"Ch. 18, 36.5",
,,,"Ch. 18, 32.4.3.9",
15-18(6),7-8-2015,,"Ch. 18, 5.1.40",
15-18(7),7-8-2015,,"Ch. 18, 5.1.40",
15-15(2),8-5-2015,,15-804,
15-2(2),10-7-2015,,2-102,
,,,2-104,
15-5(1),10-14-2015,,5-201,
,,,5-202,
,,,5-203,
,,,5-204,
,,,5-205,
,,,5-206,
,,,5-207,
,,,5-208,
15-14(1),10-14-2015,,14-203,
15-18(8),10-14-2015,,"Ch. 18, 35.1",
,,,"Ch. 18, 35.2",
,,,"Ch. 18, 35.3",
,,,"Ch. 18, 35.4",
15-18(9),11-4-2015,,"Ch. 18, 4.15.11",
,,,"Ch. 18, 4.15.11",
,,,"Ch. 18, 4.15.6",
15-3(1),12-2-2015,,3-208,
,,,3-211,
,,,3-213,
,,,3-217,
,,,3-218,
,,,3-222,
,,,3-223,
,,,3-225,
,,,3-226,
15-18(10),12-9-2015,,"Ch. 18, 10.2.1",
,,,"Ch. 18, 10.2.2",
,,,"Ch. 18, 11.3.1",
,,,"Ch. 18, 11.3.2",
,,,"Ch. 18, 3.1",
,,,"Ch. 18, 31.5",
,,,"Ch. 18, 5.1.22",
,,,"Ch. 18, 5.1.57",
,,,"Ch. 18, 5.1.59",
15-18(11),12-9-2015,,"Ch. 18, 3.1",
,,,"Ch. 18, 4.15.1",
,,,"Ch. 18, 4.15.10",
,,,"Ch. 18, 4.15.11",
,,,"Ch. 18, 4.15.13",
,,,"Ch. 18, 4.15.14",
,,,"Ch. 18, 4.15.15",
,,,"Ch. 18, 4.15.16",
,,,"Ch. 18, 4.15.17",
,,,"Ch. 18, 4.15.18",
,,,"Ch. 18, 4.15.19",
,,,"Ch. 18, 4.15.2",
,,,"Ch. 18, 4.15.20",
,,,"Ch. 18, 4.15.4",
,,,"Ch. 18, 4.15.5",
,,,"Ch. 18, 4.15.5",
,,,"Ch. 18, 4.15.6",
,,,"Ch. 18, 4.15.6",
,,,"Ch. 18, 4.15.7",
,,,"Ch. 18, 4.15.8",
,,,"Ch. 18, 4.15.9",
16-18(1),3-2-2016,,"Ch. 18, 3.1",
,,,"Ch. 18, 4.19",
,,,"Ch. 18, 4.20",
16-18(2),3-2-2016,,"Ch. 18, 20A.6",
,,,"Ch. 18, 20B.2",
,,,"Ch. 18, 22.2.1",
,,,"Ch. 18, 22.2.2",
,,,"Ch. 18, 23.2.1",
,,,"Ch. 18, 23.2.2",
,,,"Ch. 18, 24.1",
,,,"Ch. 18, 24.2.2",
,,,"Ch. 18, 24.3",
,,,"Ch. 18, 25.2.2",
,,,"Ch. 18, 4.12.6",
,,,"Ch. 18, 5.1.60",
16-18(3),4-6-2016,,"Ch. 18, 33.10",
,,,"Ch. 18, 33.12",
,,,"Ch. 18, 33.14",
,,,"Ch. 18, 33.15",
,,,"Ch. 18, 33.16",
,,,"Ch. 18, 33.17",
,,,"Ch. 18, 33.18",
,,,"Ch. 18, 33.19",
,,,"Ch. 18, 33.20",
,,,"Ch. 18, 33.23",
,,,"Ch. 18, 33.24",
,,,"Ch. 18, 33.25",
,,,"Ch. 18, 33.26",
,,,"Ch. 18, 33.27",
,,,"Ch. 18, 33.29",
,,,"Ch. 18, 33.30",
,,,"Ch. 18, 33.31",
,,,"Ch. 18, 33.32",
,,,"Ch. 18, 33.33",
,,,"Ch. 18, 33.34",
,,,"Ch. 18, 33.36",
,,,"Ch. 18, 33.37",
,,,"Ch. 18, 33.38",
,,,"Ch. 18, 33.39",
,,,"Ch. 18, 33.40",
,,,"Ch. 18, 33.42",
,,,"Ch. 18, 33.43",
,,,"Ch. 18, 33.44",
,,,"Ch. 18, 33.45",
,,,"Ch. 18, 33.47",
,,,"Ch. 18, 33.48",
,,,"Ch. 18, 33.49",
,,,"Ch. 18, 33.52",
,,,"Ch. 18, 33.53",
,,,"Ch. 18, 33.54",
,,,"Ch. 18, 34.4",
16-18(4),4-6-2016,,"Ch. 18, 33.10",
,,,"Ch. 18, 33.12",
,,,"Ch. 18, 33.14",
,,,"Ch. 18, 33.15",
,,,"Ch. 18, 33.15",
,,,"Ch. 18, 33.16",
,,,"Ch. 18, 33.17",
,,,"Ch. 18, 33.18",
,,,"Ch. 18, 33.19",
,,,"Ch. 18, 33.20",
,,,"Ch. 18, 33.22",
,,,"Ch. 18, 33.23",
,,,"Ch. 18, 33.24",
,,,"Ch. 18, 33.25",
,,,"Ch. 18, 33.26",
,,,"Ch. 18, 33.27",
,,,"Ch. 18, 33.27",
,,,"Ch. 18, 33.28",
,,,"Ch. 18, 33.29",
,,,"Ch. 18, 33.30",
,,,"Ch. 18, 33.31",
,,,"Ch. 18, 33.32",
,,,"Ch. 18, 33.33",
,,,"Ch. 18, 33.34",
,,,"Ch. 18, 33.36",
,,,"Ch. 18, 33.37",
,,,"Ch. 18, 33.38",
,,,"Ch. 18, 33.39",
,,,"Ch. 18, 33.40",
,,,"Ch. 18, 33.42",
,,,"Ch. 18, 33.44",
,,,"Ch. 18, 33.45",
,,,"Ch. 18, 33.52",
,,,"Ch. 18, 33.53",
,,,"Ch. 18, 33.54",
,,,"Ch. 18, 35.1",
16-18(5),5-4-2016,,"Ch. 18, 30.3.2",
16-2(1),6-1-2016,,2-202,
01-18(6),6-8-2016,,"Ch. 18, 5.1.56",
16-4(1),7-6-2016,,4-230,
,,,4-231,
,,,4-232,
,,,4-233,
,,,4-234,
16-15(1),7-6-2016,,15-101,
,,,15-103,
,,,15-104,
,,,15-108,
,,,15-704,
,,,15-707,
,,,15-711,
,,,15-715,
,,,15-805,
16-8(1),7-13-2016,,8-501,
,,,8-702,
,,,8-716,
,,,8-800,
16-3(1),10-5-2016,,3-211,
,,,3-230,
16-3(2),10-12-2016,,3-201,
,,,3-203,
16-2(2),11-9-2016,,2-600,
,,,2-601,
,,,2-602,
,,,2-603,
16-18(7),12-14-2016,,"Ch. 18, 10.2.2",
,,,"Ch. 18, 3.1",
,,,"Ch. 18, 5.1.61",
17-18(1),1-18-2017,,"Ch. 18, 10.2.1",
,,,"Ch. 18, 10.2.2",
,,,"Ch. 18, 11.3.1",
,,,"Ch. 18, 11.3.2",
,,,"Ch. 18, 3.1",
,,,"Ch. 18, 5.1.22",
,,,"Ch. 18, 5.1.57",
,,,"Ch. 18, 5.1.59",
17-2(1),3-1-2017,,2-106,
17-11(1),5-10-2017,,11-112,
,,,11-202,
,,,11-204,
17-2(2),6-7-2017,,2-202,
17-4(1),6-7-2017,,4-210,
,,,4-211,
,,,4-212,
,,,4-213,
,,,4-214,
,,,4-215,
,,,4-216,
,,,4-217,
,,,4-218,
,,,4-219,
,,,4-220,
17-8(1),6-14-2017,,8-712,
,,,8-715,
17-15(1),6-14-2017,,15-900,
,,,15-901,
17-18(2),6-14-2017,,"Ch. 18, 10.2.2",
,,,"Ch. 18, 3.1",
17-1(1),8-2-2017,,1-306,
17-8(2),8-2-2017,,8-603,
,,,8-713,
17-14(1),8-9-2017,,14-403,
17-15(2),8-2-2017,,15-802,
,,,15-804,
17-18(3),8-9-2017,,"Ch. 18, 5.1.47",
17-18(4),8-9-2017,,"Ch. 18, 10.2.1",
,,,"Ch. 18, 10.2.2",
,,,"Ch. 18, 12.2.1",
,,,"Ch. 18, 12.2.2",
,,,"Ch. 18, 13.2.1",
,,,"Ch. 18, 13.2.2",
,,,"Ch. 18, 13.4.4",
,,,"Ch. 18, 14.2.2",
,,,"Ch. 18, 14.4.5",
,,,"Ch. 18, 15.2.2",
,,,"Ch. 18, 15.4.4",
,,,"Ch. 18, 16.2.2",
,,,"Ch. 18, 16.7",
,,,"Ch. 18, 17.2.2",
,,,"Ch. 18, 17.7",
,,,"Ch. 18, 18.2.1",
,,,"Ch. 18, 18.2.2",
,,,"Ch. 18, 18.7",
,,,"Ch. 18, 19.3.1",
,,,"Ch. 18, 19.3.2",
,,,"Ch. 18, 19.4",
,,,"Ch. 18, 20.3.2",
,,,"Ch. 18, 20.8.4",
,,,"Ch. 18, 20B.2",
,,,"Ch. 18, 21.1",
,,,"Ch. 18, 21.5",
,,,"Ch. 18, 22.2.1",
,,,"Ch. 18, 22.2.2",
,,,"Ch. 18, 23.2.1",
,,,"Ch. 18, 23.2.2",
,,,"Ch. 18, 26.4",
,,,"Ch. 18, 3.1",
,,,"Ch. 18, 3.1",
,,,"Ch. 18, 3.1",
,,,"Ch. 18, 30.3.11",
,,,"Ch. 18, 30.3.15",
,,,"Ch. 18, 30.3.17",
,,,"Ch. 18, 32.6.2",
,,,"Ch. 18, 35.5",
,,,"Ch. 18, 4.12.6",
,,,"Ch. 18, 4.15.10",
,,,"Ch. 18, 4.15.11",
,,,"Ch. 18, 4.15.5",
,,,"Ch. 18, 4.15.8",
,,,"Ch. 18, 4.15.9",
,,,"Ch. 18, 4.19",
,,,"Ch. 18, 4.20",
,,,"Ch. 18, 5.1.11",
,,,"Ch. 18, 5.1.20",
,,,"Ch. 18, 5.1.26",
,,,"Ch. 18, 5.1.62",
,,,"Ch. 18, 5.8",
18-15(3),10-4-2017,,15-501,
,,,15-502,
11-18(5),10-11-2017,,"Ch. 18, 5.2",
15-18(6),10-11-2017,,"Ch. 18, 1.1",
,,,"Ch. 18, 1.2",
,,,"Ch. 18, 1.3",
,,,"Ch. 18, 1.4",
,,,"Ch. 18, 1.5",
,,,"Ch. 18, 1.7",
17-18(5),10-11-2017,,"Ch. 18, 14.2.2",
,,,"Ch. 18, 15.2.2",
,,,"Ch. 18, 16.2.2",
,,,"Ch. 18, 17.2.2",
,,,"Ch. 18, 18.2.2",
,,,"Ch. 18, 19.3.2",
,,,"Ch. 18, 20.3.2",
,,,"Ch. 18, 20A.8",
,,,"Ch. 18, 20B.1",
,,,"Ch. 18, 20B.2",
,,,"Ch. 18, 20B.4",
,,,"Ch. 18, 26.5",
,,,"Ch. 18, 3.1",
,,,"Ch. 18, 3.1",
,,,"Ch. 18, 31.3",
,,,"Ch. 18, 4.12.6",
,,,"Ch. 18, 4.17.4",
,,,"Ch. 18, 5.1.11",
,,,"Ch. 18, 5.1.12",
17-3(1),12-13-2017,,3-221,
,,,3-307,
18-1(1),1-10-2018,,1-100,
,,,1-101,
,,,1-102,
,,,1-103,
,,,1-104,
,,,1-200,
,,,1-201,
,,,1-202,
,,,1-203,
,,,1-300,
,,,1-301,
,,,1-302,
,,,1-303,
,,,1-304,
,,,1-305,
,,,1-306,
,,,1-400,
,,,1-401,
18-18(1),1-10-2018,,"Ch. 18, 10.2.1",
,,,"Ch. 18, 10.2.2",
,,,"Ch. 18, 11.3.1",
,,,"Ch. 18, 12.2.1",
,,,"Ch. 18, 12.2.2",
,,,"Ch. 18, 13.2.2",
,,,"Ch. 18, 14.2.2",
,,,"Ch. 18, 15.2.2",
,,,"Ch. 18, 16.2.2",
,,,"Ch. 18, 17.2.2",
,,,"Ch. 18, 18.2.2",
,,,"Ch. 18, 22.2.1",
,,,"Ch. 18, 24.1",
,,,"Ch. 18, 26.2",
,,,"Ch. 18, 3.1",
,,,"Ch. 18, 30.6.5",
,,,"Ch. 18, 5.3.1",
,,,"Ch. 18, 5.3.2",
,,,"Ch. 18, 5.3.3",
,,,"Ch. 18, 5.3.4",
,,,"Ch. 18, 5.3.5",
,,,"Ch. 18, 5.3.6",
,,,"Ch. 18, 5.3.7",
,,,"Ch. 18, 5.3.8",
,,,"Ch. 18, 5.5.1",
,,,"Ch. 18, 5.5.2",
,,,"Ch. 18, 5.5.3",
,,,"Ch. 18, 5.5.4",
,,,"Ch. 18, 5.5.5",
,,,"Ch. 18, 5.5.6",
,,,"Ch. 18, 5.6",
,,,"Ch. 18, 5.7",
,,,"Ch. 18, 5.7.1",
,,,"Ch. 18, 5.8",
18-2(1),3-14-2018,,2-101,
,,,2-103,
,,,2-105,
,,,2-106,
18-5(1),3-14-2018,,5-100,
,,,5-101,
,,,5-102,
,,,5-103,
,,,5-104,
,,,5-105,
,,,5-106,
,,,5-200,
,,,5-201,
,,,5-202,
,,,5-203,
,,,5-204,
,,,5-205,
,,,5-206,
,,,5-207,
,,,5-208,
,,,5-209,
,,,5-300,
,,,5-301,
,,,5-302,
,,,5-303,
,,,5-304,
,,,5-400,
,,,5-401,
,,,5-402,
,,,5-403,
,,,5-500,
,,,5-501,
,,,5-502,
,,,5-503,
,,,5-504,
18-2(2),4-11-2018,,2-100,
,,,2-101,
,,,2-102,
,,,2-103,
,,,2-104,
,,,2-105,
,,,2-106,
,,,2-107,
,,,2-200,
,,,2-201,
,,,2-202,
,,,2-300,
,,,2-400,
,,,2-401,
,,,2-402,
,,,2-500,
,,,2-501,
,,,2-502,
,,,2-503,
,,,2-504,
,,,2-600,
,,,2-601,
,,,2-602,
,,,2-603,
,,,2-700,
,,,2-701,
,,,2-702,
,,,2-800,
,,,2-801,
,,,2-802,
,,,2-803,
,,,2-804,
,,,2-805,
,,,2-900,
,,,2-901,
,,,2-902,
,,,2-903,
,,,2-904,
,,,2-905,
,,,2-906,
,,,2-907,
,,,2-908,
,,,5-400,
,,,5-401,
,,,5-402,
,,,5-403,
18-11(1),5-9-2018,,11-116,
18-2(3),6-13-2018,,2-202,
,,,2-101,
18-18(2),9-5-2018,,"Ch. 18, 10.2.1",
,,,"Ch. 18, 10.2.2",
,,,"Ch. 18, 11.3.1",
,,,"Ch. 18, 12.2.1",
,,,"Ch. 18, 12.2.2",
,,,"Ch. 18, 5.1.47",
18-18(3),9-5-2018,,"Ch. 18, 33.1",
,,,"Ch. 18, 33.10",
,,,"Ch. 18, 33.11",
,,,"Ch. 18, 33.12",
,,,"Ch. 18, 33.13",
,,,"Ch. 18, 33.14",
,,,"Ch. 18, 33.15",
,,,"Ch. 18, 33.16",
,,,"Ch. 18, 33.17",
,,,"Ch. 18, 33.18",
,,,"Ch. 18, 33.19",
,,,"Ch. 18, 33.2",
,,,"Ch. 18, 33.20",
,,,"Ch. 18, 33.21",
,,,"Ch. 18, 33.22",
,,,"Ch. 18, 33.23",
,,,"Ch. 18, 33.24",
,,,"Ch. 18, 33.25",
,,,"Ch. 18, 33.26",
,,,"Ch. 18, 33.27",
,,,"Ch. 18, 33.28",
,,,"Ch. 18, 33.29",
,,,"Ch. 18, 33.3",
,,,"Ch. 18, 33.30",
,,,"Ch. 18, 33.31",
,,,"Ch. 18, 33.32",
,,,"Ch. 18, 33.33",
,,,"Ch. 18, 33.34",
,,,"Ch. 18, 33.35",
,,,"Ch. 18, 33.36",
,,,"Ch. 18, 33.37",
,,,"Ch. 18, 33.38",
,,,"Ch. 18, 33.39",
,,,"Ch. 18, 33.4",
,,,"Ch. 18, 33.40",
,,,"Ch. 18, 33.41",
,,,"Ch. 18, 33.42",
,,,"Ch. 18, 33.43",
,,,"Ch. 18, 33.44",
,,,"Ch. 18, 33.45",
,,,"Ch. 18, 33.46",
,,,"Ch. 18, 33.47",
,,,"Ch. 18, 33.48",
,,,"Ch. 18, 33.49",
,,,"Ch. 18, 33.5",
,,,"Ch. 18, 33.50",
,,,"Ch. 18, 33.51",
,,,"Ch. 18, 33.52",
,,,"Ch. 18, 33.53",
,,,"Ch. 18, 33.54",
,,,"Ch. 18, 33.6",
,,,"Ch. 18, 33.7",
,,,"Ch. 18, 33.8",
,,,"Ch. 18, 33.9",
18-A.1(1),9-12-2018,,A.1-108,
,,,A.1-109,
18-4(1),10-3-2018,,4-100,
,,,4-101,
,,,4-102,
,,,4-103,
,,,4-104,
,,,4-200,
,,,4-201,
,,,4-202,
,,,4-203,
,,,4-204,
,,,4-205,
,,,4-206,
,,,4-207,
,,,4-208,
,,,4-209,
,,,4-210,
,,,4-211,
,,,4-212,
,,,4-213,
,,,4-214,
,,,4-215,
,,,4-216,
,,,4-217,
,,,4-218,
,,,4-219,
,,,4-220,
,,,4-221,
,,,4-222,
,,,4-223,
,,,4-224,
,,,4-225,
,,,4-226,
,,,4-227,
,,,4-228,
,,,4-229,
,,,4-230,
,,,4-231,
,,,4-232,
,,,4-233,
,,,4-234,
,,,4-235,
,,,4-300,
,,,4-301,
,,,4-302,
,,,4-303,
,,,4-304,
,,,4-305,
,,,4-306,
,,,4-307,
,,,4-308,
,,,4-309,
,,,4-310,
,,,4-311,
,,,4-312,
,,,4-313,
,,,4-314,
,,,4-316,
,,,4-317,
,,,4-318,
18-6(1),10-3-2018,,6-402,
,,,6-404,
,,,6-406,
,,,6-407,
,,,6-408,
18-18(4),10-3-2018,,"Ch. 18, 12.2.1",
,,,"Ch. 18, 13.2.1",
,,,"Ch. 18, 13.4.4",
,,,"Ch. 18, 14.4.5",
,,,"Ch. 18, 15.4.4",
,,,"Ch. 18, 3.1",
,,,"Ch. 18, 5.1.63",
18-3(1),11-7-2018,,3-100,
,,,3-101,
,,,3-103,
,,,3-104,
,,,3-105,
,,,3-106,
,,,3-107,
,,,3-200,
,,,3-201,
,,,3-202,
,,,3-203,
,,,3-204,
,,,3-205,
,,,3-206,
,,,3-207,
,,,3-208,
,,,3-209,
,,,3-210,
,,,3-211,
,,,3-212,
,,,3-213,
,,,3-214,
,,,3-215,
,,,3-216,
,,,3-217,
,,,3-218,
,,,3-219,
,,,3-220,
,,,3-221,
,,,3-222,
,,,3-223,
,,,3-224,
,,,3-225,
,,,3-226,
,,,3-227,
,,,3-228,
,,,3-229,
,,,3-230,
,,,3-231,
,,,3-232,
,,,3-233,
,,,3-300,
,,,3-301,
,,,3-302,
,,,3-303,
,,,3-304,
,,,3-305,
,,,3-306,
,,,3-307,
18-18(5),11-7-2018,,"Ch. 18, 35.1",
,,,"Ch. 18, 35.2",
,,,"Ch. 18, 35.3",
,,,"Ch. 18, 35.4",
,,,"Ch. 18, 35.5",
18-18(6),12-5-2018,,"Ch. 18, 30.6.2",
15-18(11),12-9-2018,,"Ch. 18, 4.15.12",
19-18(1),2-6-2019,,"Ch. 18, 22.2.1",
,,,"Ch. 18, 22.2.2",
,,,"Ch. 18, 23.2.1",
,,,"Ch. 18, 23.2.2",
,,,"Ch. 18, 24.1",
,,,"Ch. 18, 24.2.2",
19-3(1),3-20-2019,,3-218,
19-8(1),4-17-2019,,8-100,
,,,8-101,
,,,8-102,
,,,8-103,
,,,8-200,
,,,8-201,
,,,8-202,
,,,8-203,
,,,8-204,
,,,8-205,
,,,8-206,
,,,8-207,
,,,8-208,
,,,8-300,
,,,8-301,
,,,8-302,
,,,8-303,
,,,8-304,
,,,8-400,
,,,8-401,
,,,8-402,
,,,8-403,
,,,8-404,
,,,8-500,
,,,8-501,
,,,8-600,
,,,8-601,
,,,8-602,
,,,8-603,
,,,8-700,
,,,8-701,
,,,8-702,
,,,8-703,
,,,8-704,
,,,8-705,
,,,8-706,
,,,8-707,
,,,8-708,
,,,8-709,
,,,8-710,
,,,8-711,
,,,8-712,
,,,8-713,
,,,8-714,
,,,8-715,
,,,8-716,
,,,8-800,
,,,8-801,
19-15(1),4-17-2019,,15-100,
,,,15-1000,
,,,15-1001,
,,,15-1002,
,,,15-1003,
,,,15-1004,
,,,15-1005,
,,,15-1006,
,,,15-1007,
,,,15-1008,
,,,15-101,
,,,15-102,
,,,15-103,
,,,15-104,
,,,15-105,
,,,15-106,
,,,15-107,
,,,15-108,
,,,15-1100,
,,,15-1101,
,,,15-1200,
,,,15-1201,
,,,15-1202,
,,,15-1203,
,,,15-1300,
,,,15-1301,
,,,15-1302,
,,,15-1303,
,,,15-1304,
,,,15-200,
,,,15-201,
,,,15-300,
,,,15-400,
,,,15-401,
,,,15-500,
,,,15-501,
,,,15-502,
,,,15-600,
,,,15-601,
,,,15-602,
,,,15-603,
,,,15-604,
,,,15-605,
,,,15-606,
,,,15-607,
,,,15-700,
,,,15-701,
,,,15-702,
,,,15-703,
,,,15-704,
,,,15-705,
,,,15-706,
,,,15-707,
,,,15-708,
,,,15-709,
,,,15-710,
,,,15-711,
,,,15-712,
,,,15-713,
,,,15-714,
,,,15-715,
,,,15-716,
,,,15-717,
,,,15-718,
,,,15-800,
,,,15-801,
,,,15-802,
,,,15-803,
,,,15-804,
,,,15-805,
,,,15-806,
,,,15-900,
,,,15-901,
,,,15-902,
,,,15-903,
,,,15-904,
,,,15-905,
,,,15-906,
19-18(2),5-15-2019,,"Ch. 18, 5.1.58",
19-2(1),6-5-2019,,2-202,
19-4(1),6-5-2019,,4-103,
19-6(1),6-5-2019,,6-302,
19-18(3),6-5-2019,,"Ch. 18, 10.2.1",
,,,"Ch. 18, 10.2.2",
,,,"Ch. 18, 11.3.1",
,,,"Ch. 18, 11.3.2",
,,,"Ch. 18, 12.2.1",
,,,"Ch. 18, 12.2.2",
,,,"Ch. 18, 13.2.2",
,,,"Ch. 18, 14.2.2",
,,,"Ch. 18, 14.4.5",
,,,"Ch. 18, 15.2.2",
,,,"Ch. 18, 15.4.4",
,,,"Ch. 18, 16.2.2",
,,,"Ch. 18, 16.7",
,,,"Ch. 18, 17.2.2",
,,,"Ch. 18, 18.2.1",
,,,"Ch. 18, 18.2.2",
,,,"Ch. 18, 19.3.1",
,,,"Ch. 18, 19.3.2",
,,,"Ch. 18, 20.3.1",
,,,"Ch. 18, 20.3.2",
,,,"Ch. 18, 20A.8",
,,,"Ch. 18, 21.5",
,,,"Ch. 18, 22.2.1",
,,,"Ch. 18, 22.2.2",
,,,"Ch. 18, 22.3",
,,,"Ch. 18, 23.2.1",
,,,"Ch. 18, 23.2.2",
,,,"Ch. 18, 24.1",
,,,"Ch. 18, 24.2.2",
,,,"Ch. 18, 26.5",
,,,"Ch. 18, 3.1",
,,,"Ch. 18, 3.1",
,,,"Ch. 18, 3.2",
,,,"Ch. 18, 3.3",
,,,"Ch. 18, 30.3.11",
,,,"Ch. 18, 32.7.9.8",
,,,"Ch. 18, 35.1",
,,,"Ch. 18, 4.12.6",
,,,"Ch. 18, 4.15.9",
,,,"Ch. 18, 5.1.06",
,,,"Ch. 18, 5.1.29",
,,,"Ch. 18, 5.1.42",
,,,"Ch. 18, 5.2",
,,,"Ch. 18, 5.2A",
,,,"Ch. 18, 9.2",
19-A.1(1),6-5-2019,,A.1-108,
19-18(4),6-19-2019,,"Ch. 18, 33.21",
,,,"Ch. 18, 33.22",
19-18(5),7-17-2019,,"Ch. 18, 4.11.1",
,,,"Ch. 18, 4.11.2",
,,,"Ch. 18, 4.11.3",
,,,"Ch. 18, 4.19",
19-9(1),8-7-2019,,9-500,
,,,9-501,
,,,9-502,
19-18(6),8-7-2019,,"Ch. 18, 10.2.1",
,,,"Ch. 18, 12.2.1",
,,,"Ch. 18, 13.2.1",
,,,"Ch. 18, 13.4.4",
,,,"Ch. 18, 14.4.5",
,,,"Ch. 18, 15.4.4",
,,,"Ch. 18, 16.7",
,,,"Ch. 18, 18.2.1",
,,,"Ch. 18, 19.3.1",
,,,"Ch. 18, 20.3.1",
,,,"Ch. 18, 20A.6",
,,,"Ch. 18, 20B.2",
,,,"Ch. 18, 3.1",
,,,"Ch. 18, 35.1",
,,,"Ch. 18, 4.12.6",
,,,"Ch. 18, 5.1.48",
19-2(2),8-7-2019,,2-102,
19-3(2),9-18-2019,,3-211,
,,,3-215,
,,,3-222,
,,,3-225,
,,,3-226,
,,,3-228,
19-10(1),10-16-2019,,10-103,
,,,10-120,
19-2(3),12-4-2019,,2-102,
19-18(7),12-4-2019,,"Ch. 18, 33.32",
,,,"Ch. 18, 33.34",
19-3(3),12-18-2019,,3-209,
,,,3-210,
,,,3-212,
,,,3-214,
,,,3-222,
,,,3-231,
,,,3-233,
19-9(2),12-18-2019,Added,9-900,
,,,9-901,
,,,9-902,
,,,9-903,
,,,9-904,
,,,9-905,
,,,9-906,
,,,9-907,
,,,9-908,
,,,9-909,
,,,9-910,
,,Added,9-1000,
,,,9-1001,
,,,9-1002,
,,,9-1003,
,,,9-1004,
,,,9-1005,
,,,9-1006,
,,,9-1007,
19-18(8),12-18-2019,Added,"Ch. 18, 5.1.64",
,,,"Ch. 18, 10.2.1",
,,,"Ch. 18, 10.2.2",
,,,"Ch. 18, 32.2",
20-4(1),1-15-2020,,4-319,
20-4(2),2-19-2020,,4-225,
20-7(1),3-18-2020,,7-1007-108,
,,,7-2007-210,
,,,7-3007-309,
,,,7-4007-405,
,,,7-5017-510,
,,,7-6017-604,
20-9(1),3-18-2020,,9-102,
,,,9-118,
20-2(1),6-3-2020,,2-105,
20-18(1),7-15-2020,Added,"Ch. 18, 4.3.3",
,,,"Ch. 18, 30.7.5",
20-2(2),8-5-2020,,2-102,
20-18(2),9-2-2020,,"Ch. 18, 3.1",
,,,"Ch. 18, 5.2A",
,,,"Ch. 18, 10.2.2",
20-7(2),9-16-2020,,7-103,
20-18(3),9-16-2020,,"Ch. 18, 3.1",
,,,"Ch. 18, 4.2.3",
,,,"Ch. 18, 4.3.1",
,,,"Ch. 18, 5.1.28",
,,,"Ch. 18, 31.5",
20-1(1),10-21-2020,,1-102 F.,
21-3(1),1-6-2021,,3-207,
,,,3-220,
21-6(1),1-6-2021,,6-100,
,,,6-102,
21-15(1),1-20-2021,Added,15-700.1,
21-18(1),1-20-2021,,"Ch. 18, 5.1.51",
,,,"Ch. 18, 5.1.52",
21-7(1),2-3-2021,,7-3007-303,
,,Rpld,7-304,
,,Rnbd,7-3057-309,
,,as,7-3047-308,
21-8(1),4-8-2021,,8-800,
21-5(1),4-21-2021,,5-2015-204,
,,,5-2065-508,
21-14(1),4-21-2021,,14-203,
21-17(1),4-21-2021,,17-201,
,,,17-205,
,,,17-207,
,,,17-208,
,,,17-209,
,,,17-301,
,,,17-303,
,,,17-402,
,,,17-414,
,,,17-423,
,,,17-603,
,,,17-604,
21-17(2),4-21-2021,,17-207,
,,,17-208,
21-18(2),4-21-2021,,"Ch. 18, 35.1",
21-18(3),6-2-2021,,"Ch. 18, 3.1",
,,Rpld,"Ch. 18, 33.133.54",
,,Added,"Ch. 18, 33.133.11",
21-2(1),6-16-2021,,2-202 A.,
21-9(1),8-4-2021,,9-1009-117,
,,,9-2009-204,
,,,9-3009-303,
,,,9-4009-402,
,,,9-5009-502,
,,,9-6009-605,
,,,9-7009-707,
21-15(2),8-4-2021,Added,15-140015-1409,
21-10(1),8-18-2021,,10-118,
21-3(2),9-1-2021,,3-219,
,,,3-222,
,,,3-226,
,,,3-231,
,,,3-232,
21-7(2),9-1-2021,,7-105,
21-18(4),9-1-2021,Added,"Ch. 18, 20C.120C.11",
,,,"Ch. 18, 30.6.4",
21-15(3),10-6-2021,,15-101,
,,,15-1404,
21-4(1),10-20-2021,,4-2104-220,
21-7(3),10-20-2021,,7-200,
,,,7-2027-204,
,,,7-2067-208,
,,,7-210,
21-3(3),12-1-2021,,3-208,
,,,3-215,
,,,3-216,
21-15(5),12-1-2021,,15-90015-905,
21-18(5),12-1-2021,Rpld,"Ch. 18, 2.5",
,,,"Ch. 18, 4.2",
,,,"Ch. 18, 4.2.2",
,,,"Ch. 18, 4.2.5",
,,,"Ch. 18, 4.6.6",
,,,"Ch. 18, 4.10.3.1",
,,,"Ch. 18, 4.10.3.2",
,,,"Ch. 18, 4.12.2",
,,,"Ch. 18, 4.12.13",
,,,"Ch. 18, 4.12.15",
,,,"Ch. 18, 4.12.16",
,,,"Ch. 18, 4.12.17",
,,,"Ch. 18, 4.17.5",
,,,"Ch. 18, 4.18.07",
,,,"Ch. 18, 5.1",
,,,"Ch. 18, 5.2A",
,,,"Ch. 18, 8.5.5.3",
,,,"Ch. 18, 20B.3",
,,,"Ch. 18, 20B.7",
